"Vector","Title","Frequency","Description","Reference Period","Unit of Measure","Value","Source"
"V41690973","Consumer Price Index, monthly, not seasonally adjusted","Monthly","Canada;All-items","January 1914","2002=100","6.0","<a href=""https://www150.statcan.gc.ca/t1/tbl1/en/tv.action?pid=1810000401"">18-10-0004-01</a>"
"V41690973","Consumer Price Index, monthly, not seasonally adjusted","Monthly","Canada;All-items","February 1914","2002=100","6.0","<a href=""https://www150.statcan.gc.ca/t1/tbl1/en/tv.action?pid=1810000401"">18-10-0004-01</a>"
"V41690973","Consumer Price Index, monthly, not seasonally adjusted","Monthly","Canada;All-items","March 1914","2002=100","6.0","<a href=""https://www150.statcan.gc.ca/t1/tbl1/en/tv.action?pid=1810000401"">18-10-0004-01</a>"
"V41690973","Consumer Price Index, monthly, not seasonally adjusted","Monthly","Canada;All-items","April 1914","2002=100","6.0","<a href=""https://www150.statcan.gc.ca/t1/tbl1/en/tv.action?pid=1810000401"">18-10-0004-01</a>"
"V41690973","Consumer Price Index, monthly, not seasonally adjusted","Monthly","Canada;All-items","May 1914","2002=100","5.9","<a href=""https://www150.statcan.gc.ca/t1/tbl1/en/tv.action?pid=1810000401"">18-10-0004-01</a>"
"V41690973","Consumer Price Index, monthly, not seasonally adjusted","Monthly","Canada;All-items","June 1914","2002=100","6.0","<a href=""https://www150.statcan.gc.ca/t1/tbl1/en/tv.action?pid=1810000401"">18-10-0004-01</a>"
"V41690973","Consumer Price Index, monthly, not seasonally adjusted","Monthly","Canada;All-items","July 1914","2002=100","5.9","<a href=""https://www150.statcan.gc.ca/t1/tbl1/en/tv.action?pid=1810000401"">18-10-0004-01</a>"
"V41690973","Consumer Price Index, monthly, not seasonally adjusted","Monthly","Canada;All-items","August 1914","2002=100","6.0","<a href=""https://www150.statcan.gc.ca/t1/tbl1/en/tv.action?pid=1810000401"">18-10-0004-01</a>"
"V41690973","Consumer Price Index, monthly, not seasonally adjusted","Monthly","Canada;All-items","September 1914","2002=100","6.0","<a href=""https://www150.statcan.gc.ca/t1/tbl1/en/tv.action?pid=1810000401"">18-10-0004-01</a>"
"V41690973","Consumer Price Index, monthly, not seasonally adjusted","Monthly","Canada;All-items","October 1914","2002=100","6.1","<a href=""https://www150.statcan.gc.ca/t1/tbl1/en/tv.action?pid=1810000401"">18-10-0004-01</a>"
"V41690973","Consumer Price Index, monthly, not seasonally adjusted","Monthly","Canada;All-items","November 1914","2002=100","6.1","<a href=""https://www150.statcan.gc.ca/t1/tbl1/en/tv.action?pid=1810000401"">18-10-0004-01</a>"
"V41690973","Consumer Price Index, monthly, not seasonally adjusted","Monthly","Canada;All-items","December 1914","2002=100","6.1","<a href=""https://www150.statcan.gc.ca/t1/tbl1/en/tv.action?pid=1810000401"">18-10-0004-01</a>"
"V41690973","Consumer Price Index, monthly, not seasonally adjusted","Monthly","Canada;All-items","January 1915","2002=100","6.1","<a href=""https://www150.statcan.gc.ca/t1/tbl1/en/tv.action?pid=1810000401"">18-10-0004-01</a>"
"V41690973","Consumer Price Index, monthly, not seasonally adjusted","Monthly","Canada;All-items","February 1915","2002=100","6.1","<a href=""https://www150.statcan.gc.ca/t1/tbl1/en/tv.action?pid=1810000401"">18-10-0004-01</a>"
"V41690973","Consumer Price Index, monthly, not seasonally adjusted","Monthly","Canada;All-items","March 1915","2002=100","6.1","<a href=""https://www150.statcan.gc.ca/t1/tbl1/en/tv.action?pid=1810000401"">18-10-0004-01</a>"
"V41690973","Consumer Price Index, monthly, not seasonally adjusted","Monthly","Canada;All-items","April 1915","2002=100","6.1","<a href=""https://www150.statcan.gc.ca/t1/tbl1/en/tv.action?pid=1810000401"">18-10-0004-01</a>"
"V41690973","Consumer Price Index, monthly, not seasonally adjusted","Monthly","Canada;All-items","May 1915","2002=100","6.1","<a href=""https://www150.statcan.gc.ca/t1/tbl1/en/tv.action?pid=1810000401"">18-10-0004-01</a>"
"V41690973","Consumer Price Index, monthly, not seasonally adjusted","Monthly","Canada;All-items","June 1915","2002=100","6.1","<a href=""https://www150.statcan.gc.ca/t1/tbl1/en/tv.action?pid=1810000401"">18-10-0004-01</a>"
"V41690973","Consumer Price Index, monthly, not seasonally adjusted","Monthly","Canada;All-items","July 1915","2002=100","6.1","<a href=""https://www150.statcan.gc.ca/t1/tbl1/en/tv.action?pid=1810000401"">18-10-0004-01</a>"
"V41690973","Consumer Price Index, monthly, not seasonally adjusted","Monthly","Canada;All-items","August 1915","2002=100","6.1","<a href=""https://www150.statcan.gc.ca/t1/tbl1/en/tv.action?pid=1810000401"">18-10-0004-01</a>"
"V41690973","Consumer Price Index, monthly, not seasonally adjusted","Monthly","Canada;All-items","September 1915","2002=100","6.1","<a href=""https://www150.statcan.gc.ca/t1/tbl1/en/tv.action?pid=1810000401"">18-10-0004-01</a>"
"V41690973","Consumer Price Index, monthly, not seasonally adjusted","Monthly","Canada;All-items","October 1915","2002=100","6.1","<a href=""https://www150.statcan.gc.ca/t1/tbl1/en/tv.action?pid=1810000401"">18-10-0004-01</a>"
"V41690973","Consumer Price Index, monthly, not seasonally adjusted","Monthly","Canada;All-items","November 1915","2002=100","6.3","<a href=""https://www150.statcan.gc.ca/t1/tbl1/en/tv.action?pid=1810000401"">18-10-0004-01</a>"
"V41690973","Consumer Price Index, monthly, not seasonally adjusted","Monthly","Canada;All-items","December 1915","2002=100","6.3","<a href=""https://www150.statcan.gc.ca/t1/tbl1/en/tv.action?pid=1810000401"">18-10-0004-01</a>"
"V41690973","Consumer Price Index, monthly, not seasonally adjusted","Monthly","Canada;All-items","January 1916","2002=100","6.4","<a href=""https://www150.statcan.gc.ca/t1/tbl1/en/tv.action?pid=1810000401"">18-10-0004-01</a>"
"V41690973","Consumer Price Index, monthly, not seasonally adjusted","Monthly","Canada;All-items","February 1916","2002=100","6.5","<a href=""https://www150.statcan.gc.ca/t1/tbl1/en/tv.action?pid=1810000401"">18-10-0004-01</a>"
"V41690973","Consumer Price Index, monthly, not seasonally adjusted","Monthly","Canada;All-items","March 1916","2002=100","6.5","<a href=""https://www150.statcan.gc.ca/t1/tbl1/en/tv.action?pid=1810000401"">18-10-0004-01</a>"
"V41690973","Consumer Price Index, monthly, not seasonally adjusted","Monthly","Canada;All-items","April 1916","2002=100","6.5","<a href=""https://www150.statcan.gc.ca/t1/tbl1/en/tv.action?pid=1810000401"">18-10-0004-01</a>"
"V41690973","Consumer Price Index, monthly, not seasonally adjusted","Monthly","Canada;All-items","May 1916","2002=100","6.5","<a href=""https://www150.statcan.gc.ca/t1/tbl1/en/tv.action?pid=1810000401"">18-10-0004-01</a>"
"V41690973","Consumer Price Index, monthly, not seasonally adjusted","Monthly","Canada;All-items","June 1916","2002=100","6.6","<a href=""https://www150.statcan.gc.ca/t1/tbl1/en/tv.action?pid=1810000401"">18-10-0004-01</a>"
"V41690973","Consumer Price Index, monthly, not seasonally adjusted","Monthly","Canada;All-items","July 1916","2002=100","6.6","<a href=""https://www150.statcan.gc.ca/t1/tbl1/en/tv.action?pid=1810000401"">18-10-0004-01</a>"
"V41690973","Consumer Price Index, monthly, not seasonally adjusted","Monthly","Canada;All-items","August 1916","2002=100","6.6","<a href=""https://www150.statcan.gc.ca/t1/tbl1/en/tv.action?pid=1810000401"">18-10-0004-01</a>"
"V41690973","Consumer Price Index, monthly, not seasonally adjusted","Monthly","Canada;All-items","September 1916","2002=100","6.8","<a href=""https://www150.statcan.gc.ca/t1/tbl1/en/tv.action?pid=1810000401"">18-10-0004-01</a>"
"V41690973","Consumer Price Index, monthly, not seasonally adjusted","Monthly","Canada;All-items","October 1916","2002=100","6.9","<a href=""https://www150.statcan.gc.ca/t1/tbl1/en/tv.action?pid=1810000401"">18-10-0004-01</a>"
"V41690973","Consumer Price Index, monthly, not seasonally adjusted","Monthly","Canada;All-items","November 1916","2002=100","7.1","<a href=""https://www150.statcan.gc.ca/t1/tbl1/en/tv.action?pid=1810000401"">18-10-0004-01</a>"
"V41690973","Consumer Price Index, monthly, not seasonally adjusted","Monthly","Canada;All-items","December 1916","2002=100","7.2","<a href=""https://www150.statcan.gc.ca/t1/tbl1/en/tv.action?pid=1810000401"">18-10-0004-01</a>"
"V41690973","Consumer Price Index, monthly, not seasonally adjusted","Monthly","Canada;All-items","January 1917","2002=100","7.4","<a href=""https://www150.statcan.gc.ca/t1/tbl1/en/tv.action?pid=1810000401"">18-10-0004-01</a>"
"V41690973","Consumer Price Index, monthly, not seasonally adjusted","Monthly","Canada;All-items","February 1917","2002=100","7.4","<a href=""https://www150.statcan.gc.ca/t1/tbl1/en/tv.action?pid=1810000401"">18-10-0004-01</a>"
"V41690973","Consumer Price Index, monthly, not seasonally adjusted","Monthly","Canada;All-items","March 1917","2002=100","7.6","<a href=""https://www150.statcan.gc.ca/t1/tbl1/en/tv.action?pid=1810000401"">18-10-0004-01</a>"
"V41690973","Consumer Price Index, monthly, not seasonally adjusted","Monthly","Canada;All-items","April 1917","2002=100","7.6","<a href=""https://www150.statcan.gc.ca/t1/tbl1/en/tv.action?pid=1810000401"">18-10-0004-01</a>"
"V41690973","Consumer Price Index, monthly, not seasonally adjusted","Monthly","Canada;All-items","May 1917","2002=100","7.9","<a href=""https://www150.statcan.gc.ca/t1/tbl1/en/tv.action?pid=1810000401"">18-10-0004-01</a>"
"V41690973","Consumer Price Index, monthly, not seasonally adjusted","Monthly","Canada;All-items","June 1917","2002=100","8.0","<a href=""https://www150.statcan.gc.ca/t1/tbl1/en/tv.action?pid=1810000401"">18-10-0004-01</a>"
"V41690973","Consumer Price Index, monthly, not seasonally adjusted","Monthly","Canada;All-items","July 1917","2002=100","8.0","<a href=""https://www150.statcan.gc.ca/t1/tbl1/en/tv.action?pid=1810000401"">18-10-0004-01</a>"
"V41690973","Consumer Price Index, monthly, not seasonally adjusted","Monthly","Canada;All-items","August 1917","2002=100","8.0","<a href=""https://www150.statcan.gc.ca/t1/tbl1/en/tv.action?pid=1810000401"">18-10-0004-01</a>"
"V41690973","Consumer Price Index, monthly, not seasonally adjusted","Monthly","Canada;All-items","September 1917","2002=100","8.0","<a href=""https://www150.statcan.gc.ca/t1/tbl1/en/tv.action?pid=1810000401"">18-10-0004-01</a>"
"V41690973","Consumer Price Index, monthly, not seasonally adjusted","Monthly","Canada;All-items","October 1917","2002=100","8.2","<a href=""https://www150.statcan.gc.ca/t1/tbl1/en/tv.action?pid=1810000401"">18-10-0004-01</a>"
"V41690973","Consumer Price Index, monthly, not seasonally adjusted","Monthly","Canada;All-items","November 1917","2002=100","8.2","<a href=""https://www150.statcan.gc.ca/t1/tbl1/en/tv.action?pid=1810000401"">18-10-0004-01</a>"
"V41690973","Consumer Price Index, monthly, not seasonally adjusted","Monthly","Canada;All-items","December 1917","2002=100","8.3","<a href=""https://www150.statcan.gc.ca/t1/tbl1/en/tv.action?pid=1810000401"">18-10-0004-01</a>"
"V41690973","Consumer Price Index, monthly, not seasonally adjusted","Monthly","Canada;All-items","January 1918","2002=100","8.4","<a href=""https://www150.statcan.gc.ca/t1/tbl1/en/tv.action?pid=1810000401"">18-10-0004-01</a>"
"V41690973","Consumer Price Index, monthly, not seasonally adjusted","Monthly","Canada;All-items","February 1918","2002=100","8.5","<a href=""https://www150.statcan.gc.ca/t1/tbl1/en/tv.action?pid=1810000401"">18-10-0004-01</a>"
"V41690973","Consumer Price Index, monthly, not seasonally adjusted","Monthly","Canada;All-items","March 1918","2002=100","8.6","<a href=""https://www150.statcan.gc.ca/t1/tbl1/en/tv.action?pid=1810000401"">18-10-0004-01</a>"
"V41690973","Consumer Price Index, monthly, not seasonally adjusted","Monthly","Canada;All-items","April 1918","2002=100","8.6","<a href=""https://www150.statcan.gc.ca/t1/tbl1/en/tv.action?pid=1810000401"">18-10-0004-01</a>"
"V41690973","Consumer Price Index, monthly, not seasonally adjusted","Monthly","Canada;All-items","May 1918","2002=100","8.7","<a href=""https://www150.statcan.gc.ca/t1/tbl1/en/tv.action?pid=1810000401"">18-10-0004-01</a>"
"V41690973","Consumer Price Index, monthly, not seasonally adjusted","Monthly","Canada;All-items","June 1918","2002=100","8.8","<a href=""https://www150.statcan.gc.ca/t1/tbl1/en/tv.action?pid=1810000401"">18-10-0004-01</a>"
"V41690973","Consumer Price Index, monthly, not seasonally adjusted","Monthly","Canada;All-items","July 1918","2002=100","8.9","<a href=""https://www150.statcan.gc.ca/t1/tbl1/en/tv.action?pid=1810000401"">18-10-0004-01</a>"
"V41690973","Consumer Price Index, monthly, not seasonally adjusted","Monthly","Canada;All-items","August 1918","2002=100","9.2","<a href=""https://www150.statcan.gc.ca/t1/tbl1/en/tv.action?pid=1810000401"">18-10-0004-01</a>"
"V41690973","Consumer Price Index, monthly, not seasonally adjusted","Monthly","Canada;All-items","September 1918","2002=100","9.2","<a href=""https://www150.statcan.gc.ca/t1/tbl1/en/tv.action?pid=1810000401"">18-10-0004-01</a>"
"V41690973","Consumer Price Index, monthly, not seasonally adjusted","Monthly","Canada;All-items","October 1918","2002=100","9.3","<a href=""https://www150.statcan.gc.ca/t1/tbl1/en/tv.action?pid=1810000401"">18-10-0004-01</a>"
"V41690973","Consumer Price Index, monthly, not seasonally adjusted","Monthly","Canada;All-items","November 1918","2002=100","9.4","<a href=""https://www150.statcan.gc.ca/t1/tbl1/en/tv.action?pid=1810000401"">18-10-0004-01</a>"
"V41690973","Consumer Price Index, monthly, not seasonally adjusted","Monthly","Canada;All-items","December 1918","2002=100","9.4","<a href=""https://www150.statcan.gc.ca/t1/tbl1/en/tv.action?pid=1810000401"">18-10-0004-01</a>"
"V41690973","Consumer Price Index, monthly, not seasonally adjusted","Monthly","Canada;All-items","January 1919","2002=100","9.5","<a href=""https://www150.statcan.gc.ca/t1/tbl1/en/tv.action?pid=1810000401"">18-10-0004-01</a>"
"V41690973","Consumer Price Index, monthly, not seasonally adjusted","Monthly","Canada;All-items","February 1919","2002=100","9.4","<a href=""https://www150.statcan.gc.ca/t1/tbl1/en/tv.action?pid=1810000401"">18-10-0004-01</a>"
"V41690973","Consumer Price Index, monthly, not seasonally adjusted","Monthly","Canada;All-items","March 1919","2002=100","9.4","<a href=""https://www150.statcan.gc.ca/t1/tbl1/en/tv.action?pid=1810000401"">18-10-0004-01</a>"
"V41690973","Consumer Price Index, monthly, not seasonally adjusted","Monthly","Canada;All-items","April 1919","2002=100","9.4","<a href=""https://www150.statcan.gc.ca/t1/tbl1/en/tv.action?pid=1810000401"">18-10-0004-01</a>"
"V41690973","Consumer Price Index, monthly, not seasonally adjusted","Monthly","Canada;All-items","May 1919","2002=100","9.7","<a href=""https://www150.statcan.gc.ca/t1/tbl1/en/tv.action?pid=1810000401"">18-10-0004-01</a>"
"V41690973","Consumer Price Index, monthly, not seasonally adjusted","Monthly","Canada;All-items","June 1919","2002=100","9.7","<a href=""https://www150.statcan.gc.ca/t1/tbl1/en/tv.action?pid=1810000401"">18-10-0004-01</a>"
"V41690973","Consumer Price Index, monthly, not seasonally adjusted","Monthly","Canada;All-items","July 1919","2002=100","9.8","<a href=""https://www150.statcan.gc.ca/t1/tbl1/en/tv.action?pid=1810000401"">18-10-0004-01</a>"
"V41690973","Consumer Price Index, monthly, not seasonally adjusted","Monthly","Canada;All-items","August 1919","2002=100","10.0","<a href=""https://www150.statcan.gc.ca/t1/tbl1/en/tv.action?pid=1810000401"">18-10-0004-01</a>"
"V41690973","Consumer Price Index, monthly, not seasonally adjusted","Monthly","Canada;All-items","September 1919","2002=100","10.0","<a href=""https://www150.statcan.gc.ca/t1/tbl1/en/tv.action?pid=1810000401"">18-10-0004-01</a>"
"V41690973","Consumer Price Index, monthly, not seasonally adjusted","Monthly","Canada;All-items","October 1919","2002=100","10.0","<a href=""https://www150.statcan.gc.ca/t1/tbl1/en/tv.action?pid=1810000401"">18-10-0004-01</a>"
"V41690973","Consumer Price Index, monthly, not seasonally adjusted","Monthly","Canada;All-items","November 1919","2002=100","10.1","<a href=""https://www150.statcan.gc.ca/t1/tbl1/en/tv.action?pid=1810000401"">18-10-0004-01</a>"
"V41690973","Consumer Price Index, monthly, not seasonally adjusted","Monthly","Canada;All-items","December 1919","2002=100","10.2","<a href=""https://www150.statcan.gc.ca/t1/tbl1/en/tv.action?pid=1810000401"">18-10-0004-01</a>"
"V41690973","Consumer Price Index, monthly, not seasonally adjusted","Monthly","Canada;All-items","January 1920","2002=100","10.6","<a href=""https://www150.statcan.gc.ca/t1/tbl1/en/tv.action?pid=1810000401"">18-10-0004-01</a>"
"V41690973","Consumer Price Index, monthly, not seasonally adjusted","Monthly","Canada;All-items","February 1920","2002=100","10.8","<a href=""https://www150.statcan.gc.ca/t1/tbl1/en/tv.action?pid=1810000401"">18-10-0004-01</a>"
"V41690973","Consumer Price Index, monthly, not seasonally adjusted","Monthly","Canada;All-items","March 1920","2002=100","11.2","<a href=""https://www150.statcan.gc.ca/t1/tbl1/en/tv.action?pid=1810000401"">18-10-0004-01</a>"
"V41690973","Consumer Price Index, monthly, not seasonally adjusted","Monthly","Canada;All-items","April 1920","2002=100","11.3","<a href=""https://www150.statcan.gc.ca/t1/tbl1/en/tv.action?pid=1810000401"">18-10-0004-01</a>"
"V41690973","Consumer Price Index, monthly, not seasonally adjusted","Monthly","Canada;All-items","May 1920","2002=100","11.6","<a href=""https://www150.statcan.gc.ca/t1/tbl1/en/tv.action?pid=1810000401"">18-10-0004-01</a>"
"V41690973","Consumer Price Index, monthly, not seasonally adjusted","Monthly","Canada;All-items","June 1920","2002=100","11.8","<a href=""https://www150.statcan.gc.ca/t1/tbl1/en/tv.action?pid=1810000401"">18-10-0004-01</a>"
"V41690973","Consumer Price Index, monthly, not seasonally adjusted","Monthly","Canada;All-items","July 1920","2002=100","11.8","<a href=""https://www150.statcan.gc.ca/t1/tbl1/en/tv.action?pid=1810000401"">18-10-0004-01</a>"
"V41690973","Consumer Price Index, monthly, not seasonally adjusted","Monthly","Canada;All-items","August 1920","2002=100","11.7","<a href=""https://www150.statcan.gc.ca/t1/tbl1/en/tv.action?pid=1810000401"">18-10-0004-01</a>"
"V41690973","Consumer Price Index, monthly, not seasonally adjusted","Monthly","Canada;All-items","September 1920","2002=100","11.5","<a href=""https://www150.statcan.gc.ca/t1/tbl1/en/tv.action?pid=1810000401"">18-10-0004-01</a>"
"V41690973","Consumer Price Index, monthly, not seasonally adjusted","Monthly","Canada;All-items","October 1920","2002=100","11.5","<a href=""https://www150.statcan.gc.ca/t1/tbl1/en/tv.action?pid=1810000401"">18-10-0004-01</a>"
"V41690973","Consumer Price Index, monthly, not seasonally adjusted","Monthly","Canada;All-items","November 1920","2002=100","11.3","<a href=""https://www150.statcan.gc.ca/t1/tbl1/en/tv.action?pid=1810000401"">18-10-0004-01</a>"
"V41690973","Consumer Price Index, monthly, not seasonally adjusted","Monthly","Canada;All-items","December 1920","2002=100","11.2","<a href=""https://www150.statcan.gc.ca/t1/tbl1/en/tv.action?pid=1810000401"">18-10-0004-01</a>"
"V41690973","Consumer Price Index, monthly, not seasonally adjusted","Monthly","Canada;All-items","January 1921","2002=100","11.0","<a href=""https://www150.statcan.gc.ca/t1/tbl1/en/tv.action?pid=1810000401"">18-10-0004-01</a>"
"V41690973","Consumer Price Index, monthly, not seasonally adjusted","Monthly","Canada;All-items","February 1921","2002=100","10.8","<a href=""https://www150.statcan.gc.ca/t1/tbl1/en/tv.action?pid=1810000401"">18-10-0004-01</a>"
"V41690973","Consumer Price Index, monthly, not seasonally adjusted","Monthly","Canada;All-items","March 1921","2002=100","10.5","<a href=""https://www150.statcan.gc.ca/t1/tbl1/en/tv.action?pid=1810000401"">18-10-0004-01</a>"
"V41690973","Consumer Price Index, monthly, not seasonally adjusted","Monthly","Canada;All-items","April 1921","2002=100","10.2","<a href=""https://www150.statcan.gc.ca/t1/tbl1/en/tv.action?pid=1810000401"">18-10-0004-01</a>"
"V41690973","Consumer Price Index, monthly, not seasonally adjusted","Monthly","Canada;All-items","May 1921","2002=100","10.0","<a href=""https://www150.statcan.gc.ca/t1/tbl1/en/tv.action?pid=1810000401"">18-10-0004-01</a>"
"V41690973","Consumer Price Index, monthly, not seasonally adjusted","Monthly","Canada;All-items","June 1921","2002=100","9.7","<a href=""https://www150.statcan.gc.ca/t1/tbl1/en/tv.action?pid=1810000401"">18-10-0004-01</a>"
"V41690973","Consumer Price Index, monthly, not seasonally adjusted","Monthly","Canada;All-items","July 1921","2002=100","9.7","<a href=""https://www150.statcan.gc.ca/t1/tbl1/en/tv.action?pid=1810000401"">18-10-0004-01</a>"
"V41690973","Consumer Price Index, monthly, not seasonally adjusted","Monthly","Canada;All-items","August 1921","2002=100","9.7","<a href=""https://www150.statcan.gc.ca/t1/tbl1/en/tv.action?pid=1810000401"">18-10-0004-01</a>"
"V41690973","Consumer Price Index, monthly, not seasonally adjusted","Monthly","Canada;All-items","September 1921","2002=100","9.7","<a href=""https://www150.statcan.gc.ca/t1/tbl1/en/tv.action?pid=1810000401"">18-10-0004-01</a>"
"V41690973","Consumer Price Index, monthly, not seasonally adjusted","Monthly","Canada;All-items","October 1921","2002=100","9.7","<a href=""https://www150.statcan.gc.ca/t1/tbl1/en/tv.action?pid=1810000401"">18-10-0004-01</a>"
"V41690973","Consumer Price Index, monthly, not seasonally adjusted","Monthly","Canada;All-items","November 1921","2002=100","9.4","<a href=""https://www150.statcan.gc.ca/t1/tbl1/en/tv.action?pid=1810000401"">18-10-0004-01</a>"
"V41690973","Consumer Price Index, monthly, not seasonally adjusted","Monthly","Canada;All-items","December 1921","2002=100","9.4","<a href=""https://www150.statcan.gc.ca/t1/tbl1/en/tv.action?pid=1810000401"">18-10-0004-01</a>"
"V41690973","Consumer Price Index, monthly, not seasonally adjusted","Monthly","Canada;All-items","January 1922","2002=100","9.4","<a href=""https://www150.statcan.gc.ca/t1/tbl1/en/tv.action?pid=1810000401"">18-10-0004-01</a>"
"V41690973","Consumer Price Index, monthly, not seasonally adjusted","Monthly","Canada;All-items","February 1922","2002=100","9.3","<a href=""https://www150.statcan.gc.ca/t1/tbl1/en/tv.action?pid=1810000401"">18-10-0004-01</a>"
"V41690973","Consumer Price Index, monthly, not seasonally adjusted","Monthly","Canada;All-items","March 1922","2002=100","9.2","<a href=""https://www150.statcan.gc.ca/t1/tbl1/en/tv.action?pid=1810000401"">18-10-0004-01</a>"
"V41690973","Consumer Price Index, monthly, not seasonally adjusted","Monthly","Canada;All-items","April 1922","2002=100","9.2","<a href=""https://www150.statcan.gc.ca/t1/tbl1/en/tv.action?pid=1810000401"">18-10-0004-01</a>"
"V41690973","Consumer Price Index, monthly, not seasonally adjusted","Monthly","Canada;All-items","May 1922","2002=100","9.1","<a href=""https://www150.statcan.gc.ca/t1/tbl1/en/tv.action?pid=1810000401"">18-10-0004-01</a>"
"V41690973","Consumer Price Index, monthly, not seasonally adjusted","Monthly","Canada;All-items","June 1922","2002=100","9.1","<a href=""https://www150.statcan.gc.ca/t1/tbl1/en/tv.action?pid=1810000401"">18-10-0004-01</a>"
"V41690973","Consumer Price Index, monthly, not seasonally adjusted","Monthly","Canada;All-items","July 1922","2002=100","9.1","<a href=""https://www150.statcan.gc.ca/t1/tbl1/en/tv.action?pid=1810000401"">18-10-0004-01</a>"
"V41690973","Consumer Price Index, monthly, not seasonally adjusted","Monthly","Canada;All-items","August 1922","2002=100","9.2","<a href=""https://www150.statcan.gc.ca/t1/tbl1/en/tv.action?pid=1810000401"">18-10-0004-01</a>"
"V41690973","Consumer Price Index, monthly, not seasonally adjusted","Monthly","Canada;All-items","September 1922","2002=100","9.2","<a href=""https://www150.statcan.gc.ca/t1/tbl1/en/tv.action?pid=1810000401"">18-10-0004-01</a>"
"V41690973","Consumer Price Index, monthly, not seasonally adjusted","Monthly","Canada;All-items","October 1922","2002=100","9.2","<a href=""https://www150.statcan.gc.ca/t1/tbl1/en/tv.action?pid=1810000401"">18-10-0004-01</a>"
"V41690973","Consumer Price Index, monthly, not seasonally adjusted","Monthly","Canada;All-items","November 1922","2002=100","9.2","<a href=""https://www150.statcan.gc.ca/t1/tbl1/en/tv.action?pid=1810000401"">18-10-0004-01</a>"
"V41690973","Consumer Price Index, monthly, not seasonally adjusted","Monthly","Canada;All-items","December 1922","2002=100","9.2","<a href=""https://www150.statcan.gc.ca/t1/tbl1/en/tv.action?pid=1810000401"">18-10-0004-01</a>"
"V41690973","Consumer Price Index, monthly, not seasonally adjusted","Monthly","Canada;All-items","January 1923","2002=100","9.2","<a href=""https://www150.statcan.gc.ca/t1/tbl1/en/tv.action?pid=1810000401"">18-10-0004-01</a>"
"V41690973","Consumer Price Index, monthly, not seasonally adjusted","Monthly","Canada;All-items","February 1923","2002=100","9.2","<a href=""https://www150.statcan.gc.ca/t1/tbl1/en/tv.action?pid=1810000401"">18-10-0004-01</a>"
"V41690973","Consumer Price Index, monthly, not seasonally adjusted","Monthly","Canada;All-items","March 1923","2002=100","9.3","<a href=""https://www150.statcan.gc.ca/t1/tbl1/en/tv.action?pid=1810000401"">18-10-0004-01</a>"
"V41690973","Consumer Price Index, monthly, not seasonally adjusted","Monthly","Canada;All-items","April 1923","2002=100","9.2","<a href=""https://www150.statcan.gc.ca/t1/tbl1/en/tv.action?pid=1810000401"">18-10-0004-01</a>"
"V41690973","Consumer Price Index, monthly, not seasonally adjusted","Monthly","Canada;All-items","May 1923","2002=100","9.2","<a href=""https://www150.statcan.gc.ca/t1/tbl1/en/tv.action?pid=1810000401"">18-10-0004-01</a>"
"V41690973","Consumer Price Index, monthly, not seasonally adjusted","Monthly","Canada;All-items","June 1923","2002=100","9.2","<a href=""https://www150.statcan.gc.ca/t1/tbl1/en/tv.action?pid=1810000401"">18-10-0004-01</a>"
"V41690973","Consumer Price Index, monthly, not seasonally adjusted","Monthly","Canada;All-items","July 1923","2002=100","9.1","<a href=""https://www150.statcan.gc.ca/t1/tbl1/en/tv.action?pid=1810000401"">18-10-0004-01</a>"
"V41690973","Consumer Price Index, monthly, not seasonally adjusted","Monthly","Canada;All-items","August 1923","2002=100","9.2","<a href=""https://www150.statcan.gc.ca/t1/tbl1/en/tv.action?pid=1810000401"">18-10-0004-01</a>"
"V41690973","Consumer Price Index, monthly, not seasonally adjusted","Monthly","Canada;All-items","September 1923","2002=100","9.2","<a href=""https://www150.statcan.gc.ca/t1/tbl1/en/tv.action?pid=1810000401"">18-10-0004-01</a>"
"V41690973","Consumer Price Index, monthly, not seasonally adjusted","Monthly","Canada;All-items","October 1923","2002=100","9.2","<a href=""https://www150.statcan.gc.ca/t1/tbl1/en/tv.action?pid=1810000401"">18-10-0004-01</a>"
"V41690973","Consumer Price Index, monthly, not seasonally adjusted","Monthly","Canada;All-items","November 1923","2002=100","9.2","<a href=""https://www150.statcan.gc.ca/t1/tbl1/en/tv.action?pid=1810000401"">18-10-0004-01</a>"
"V41690973","Consumer Price Index, monthly, not seasonally adjusted","Monthly","Canada;All-items","December 1923","2002=100","9.2","<a href=""https://www150.statcan.gc.ca/t1/tbl1/en/tv.action?pid=1810000401"">18-10-0004-01</a>"
"V41690973","Consumer Price Index, monthly, not seasonally adjusted","Monthly","Canada;All-items","January 1924","2002=100","9.2","<a href=""https://www150.statcan.gc.ca/t1/tbl1/en/tv.action?pid=1810000401"">18-10-0004-01</a>"
"V41690973","Consumer Price Index, monthly, not seasonally adjusted","Monthly","Canada;All-items","February 1924","2002=100","9.2","<a href=""https://www150.statcan.gc.ca/t1/tbl1/en/tv.action?pid=1810000401"">18-10-0004-01</a>"
"V41690973","Consumer Price Index, monthly, not seasonally adjusted","Monthly","Canada;All-items","March 1924","2002=100","9.2","<a href=""https://www150.statcan.gc.ca/t1/tbl1/en/tv.action?pid=1810000401"">18-10-0004-01</a>"
"V41690973","Consumer Price Index, monthly, not seasonally adjusted","Monthly","Canada;All-items","April 1924","2002=100","9.0","<a href=""https://www150.statcan.gc.ca/t1/tbl1/en/tv.action?pid=1810000401"">18-10-0004-01</a>"
"V41690973","Consumer Price Index, monthly, not seasonally adjusted","Monthly","Canada;All-items","May 1924","2002=100","8.9","<a href=""https://www150.statcan.gc.ca/t1/tbl1/en/tv.action?pid=1810000401"">18-10-0004-01</a>"
"V41690973","Consumer Price Index, monthly, not seasonally adjusted","Monthly","Canada;All-items","June 1924","2002=100","8.8","<a href=""https://www150.statcan.gc.ca/t1/tbl1/en/tv.action?pid=1810000401"">18-10-0004-01</a>"
"V41690973","Consumer Price Index, monthly, not seasonally adjusted","Monthly","Canada;All-items","July 1924","2002=100","8.8","<a href=""https://www150.statcan.gc.ca/t1/tbl1/en/tv.action?pid=1810000401"">18-10-0004-01</a>"
"V41690973","Consumer Price Index, monthly, not seasonally adjusted","Monthly","Canada;All-items","August 1924","2002=100","9.0","<a href=""https://www150.statcan.gc.ca/t1/tbl1/en/tv.action?pid=1810000401"">18-10-0004-01</a>"
"V41690973","Consumer Price Index, monthly, not seasonally adjusted","Monthly","Canada;All-items","September 1924","2002=100","9.0","<a href=""https://www150.statcan.gc.ca/t1/tbl1/en/tv.action?pid=1810000401"">18-10-0004-01</a>"
"V41690973","Consumer Price Index, monthly, not seasonally adjusted","Monthly","Canada;All-items","October 1924","2002=100","9.0","<a href=""https://www150.statcan.gc.ca/t1/tbl1/en/tv.action?pid=1810000401"">18-10-0004-01</a>"
"V41690973","Consumer Price Index, monthly, not seasonally adjusted","Monthly","Canada;All-items","November 1924","2002=100","9.1","<a href=""https://www150.statcan.gc.ca/t1/tbl1/en/tv.action?pid=1810000401"">18-10-0004-01</a>"
"V41690973","Consumer Price Index, monthly, not seasonally adjusted","Monthly","Canada;All-items","December 1924","2002=100","9.1","<a href=""https://www150.statcan.gc.ca/t1/tbl1/en/tv.action?pid=1810000401"">18-10-0004-01</a>"
"V41690973","Consumer Price Index, monthly, not seasonally adjusted","Monthly","Canada;All-items","January 1925","2002=100","9.2","<a href=""https://www150.statcan.gc.ca/t1/tbl1/en/tv.action?pid=1810000401"">18-10-0004-01</a>"
"V41690973","Consumer Price Index, monthly, not seasonally adjusted","Monthly","Canada;All-items","February 1925","2002=100","9.2","<a href=""https://www150.statcan.gc.ca/t1/tbl1/en/tv.action?pid=1810000401"">18-10-0004-01</a>"
"V41690973","Consumer Price Index, monthly, not seasonally adjusted","Monthly","Canada;All-items","March 1925","2002=100","9.2","<a href=""https://www150.statcan.gc.ca/t1/tbl1/en/tv.action?pid=1810000401"">18-10-0004-01</a>"
"V41690973","Consumer Price Index, monthly, not seasonally adjusted","Monthly","Canada;All-items","April 1925","2002=100","9.1","<a href=""https://www150.statcan.gc.ca/t1/tbl1/en/tv.action?pid=1810000401"">18-10-0004-01</a>"
"V41690973","Consumer Price Index, monthly, not seasonally adjusted","Monthly","Canada;All-items","May 1925","2002=100","9.0","<a href=""https://www150.statcan.gc.ca/t1/tbl1/en/tv.action?pid=1810000401"">18-10-0004-01</a>"
"V41690973","Consumer Price Index, monthly, not seasonally adjusted","Monthly","Canada;All-items","June 1925","2002=100","9.0","<a href=""https://www150.statcan.gc.ca/t1/tbl1/en/tv.action?pid=1810000401"">18-10-0004-01</a>"
"V41690973","Consumer Price Index, monthly, not seasonally adjusted","Monthly","Canada;All-items","July 1925","2002=100","9.0","<a href=""https://www150.statcan.gc.ca/t1/tbl1/en/tv.action?pid=1810000401"">18-10-0004-01</a>"
"V41690973","Consumer Price Index, monthly, not seasonally adjusted","Monthly","Canada;All-items","August 1925","2002=100","9.1","<a href=""https://www150.statcan.gc.ca/t1/tbl1/en/tv.action?pid=1810000401"">18-10-0004-01</a>"
"V41690973","Consumer Price Index, monthly, not seasonally adjusted","Monthly","Canada;All-items","September 1925","2002=100","9.1","<a href=""https://www150.statcan.gc.ca/t1/tbl1/en/tv.action?pid=1810000401"">18-10-0004-01</a>"
"V41690973","Consumer Price Index, monthly, not seasonally adjusted","Monthly","Canada;All-items","October 1925","2002=100","9.2","<a href=""https://www150.statcan.gc.ca/t1/tbl1/en/tv.action?pid=1810000401"">18-10-0004-01</a>"
"V41690973","Consumer Price Index, monthly, not seasonally adjusted","Monthly","Canada;All-items","November 1925","2002=100","9.2","<a href=""https://www150.statcan.gc.ca/t1/tbl1/en/tv.action?pid=1810000401"">18-10-0004-01</a>"
"V41690973","Consumer Price Index, monthly, not seasonally adjusted","Monthly","Canada;All-items","December 1925","2002=100","9.3","<a href=""https://www150.statcan.gc.ca/t1/tbl1/en/tv.action?pid=1810000401"">18-10-0004-01</a>"
"V41690973","Consumer Price Index, monthly, not seasonally adjusted","Monthly","Canada;All-items","January 1926","2002=100","9.2","<a href=""https://www150.statcan.gc.ca/t1/tbl1/en/tv.action?pid=1810000401"">18-10-0004-01</a>"
"V41690973","Consumer Price Index, monthly, not seasonally adjusted","Monthly","Canada;All-items","February 1926","2002=100","9.2","<a href=""https://www150.statcan.gc.ca/t1/tbl1/en/tv.action?pid=1810000401"">18-10-0004-01</a>"
"V41690973","Consumer Price Index, monthly, not seasonally adjusted","Monthly","Canada;All-items","March 1926","2002=100","9.2","<a href=""https://www150.statcan.gc.ca/t1/tbl1/en/tv.action?pid=1810000401"">18-10-0004-01</a>"
"V41690973","Consumer Price Index, monthly, not seasonally adjusted","Monthly","Canada;All-items","April 1926","2002=100","9.2","<a href=""https://www150.statcan.gc.ca/t1/tbl1/en/tv.action?pid=1810000401"">18-10-0004-01</a>"
"V41690973","Consumer Price Index, monthly, not seasonally adjusted","Monthly","Canada;All-items","May 1926","2002=100","9.2","<a href=""https://www150.statcan.gc.ca/t1/tbl1/en/tv.action?pid=1810000401"">18-10-0004-01</a>"
"V41690973","Consumer Price Index, monthly, not seasonally adjusted","Monthly","Canada;All-items","June 1926","2002=100","9.2","<a href=""https://www150.statcan.gc.ca/t1/tbl1/en/tv.action?pid=1810000401"">18-10-0004-01</a>"
"V41690973","Consumer Price Index, monthly, not seasonally adjusted","Monthly","Canada;All-items","July 1926","2002=100","9.2","<a href=""https://www150.statcan.gc.ca/t1/tbl1/en/tv.action?pid=1810000401"">18-10-0004-01</a>"
"V41690973","Consumer Price Index, monthly, not seasonally adjusted","Monthly","Canada;All-items","August 1926","2002=100","9.2","<a href=""https://www150.statcan.gc.ca/t1/tbl1/en/tv.action?pid=1810000401"">18-10-0004-01</a>"
"V41690973","Consumer Price Index, monthly, not seasonally adjusted","Monthly","Canada;All-items","September 1926","2002=100","9.2","<a href=""https://www150.statcan.gc.ca/t1/tbl1/en/tv.action?pid=1810000401"">18-10-0004-01</a>"
"V41690973","Consumer Price Index, monthly, not seasonally adjusted","Monthly","Canada;All-items","October 1926","2002=100","9.2","<a href=""https://www150.statcan.gc.ca/t1/tbl1/en/tv.action?pid=1810000401"">18-10-0004-01</a>"
"V41690973","Consumer Price Index, monthly, not seasonally adjusted","Monthly","Canada;All-items","November 1926","2002=100","9.2","<a href=""https://www150.statcan.gc.ca/t1/tbl1/en/tv.action?pid=1810000401"">18-10-0004-01</a>"
"V41690973","Consumer Price Index, monthly, not seasonally adjusted","Monthly","Canada;All-items","December 1926","2002=100","9.2","<a href=""https://www150.statcan.gc.ca/t1/tbl1/en/tv.action?pid=1810000401"">18-10-0004-01</a>"
"V41690973","Consumer Price Index, monthly, not seasonally adjusted","Monthly","Canada;All-items","January 1927","2002=100","9.2","<a href=""https://www150.statcan.gc.ca/t1/tbl1/en/tv.action?pid=1810000401"">18-10-0004-01</a>"
"V41690973","Consumer Price Index, monthly, not seasonally adjusted","Monthly","Canada;All-items","February 1927","2002=100","9.2","<a href=""https://www150.statcan.gc.ca/t1/tbl1/en/tv.action?pid=1810000401"">18-10-0004-01</a>"
"V41690973","Consumer Price Index, monthly, not seasonally adjusted","Monthly","Canada;All-items","March 1927","2002=100","9.1","<a href=""https://www150.statcan.gc.ca/t1/tbl1/en/tv.action?pid=1810000401"">18-10-0004-01</a>"
"V41690973","Consumer Price Index, monthly, not seasonally adjusted","Monthly","Canada;All-items","April 1927","2002=100","9.0","<a href=""https://www150.statcan.gc.ca/t1/tbl1/en/tv.action?pid=1810000401"">18-10-0004-01</a>"
"V41690973","Consumer Price Index, monthly, not seasonally adjusted","Monthly","Canada;All-items","May 1927","2002=100","9.0","<a href=""https://www150.statcan.gc.ca/t1/tbl1/en/tv.action?pid=1810000401"">18-10-0004-01</a>"
"V41690973","Consumer Price Index, monthly, not seasonally adjusted","Monthly","Canada;All-items","June 1927","2002=100","9.0","<a href=""https://www150.statcan.gc.ca/t1/tbl1/en/tv.action?pid=1810000401"">18-10-0004-01</a>"
"V41690973","Consumer Price Index, monthly, not seasonally adjusted","Monthly","Canada;All-items","July 1927","2002=100","9.1","<a href=""https://www150.statcan.gc.ca/t1/tbl1/en/tv.action?pid=1810000401"">18-10-0004-01</a>"
"V41690973","Consumer Price Index, monthly, not seasonally adjusted","Monthly","Canada;All-items","August 1927","2002=100","9.0","<a href=""https://www150.statcan.gc.ca/t1/tbl1/en/tv.action?pid=1810000401"">18-10-0004-01</a>"
"V41690973","Consumer Price Index, monthly, not seasonally adjusted","Monthly","Canada;All-items","September 1927","2002=100","9.0","<a href=""https://www150.statcan.gc.ca/t1/tbl1/en/tv.action?pid=1810000401"">18-10-0004-01</a>"
"V41690973","Consumer Price Index, monthly, not seasonally adjusted","Monthly","Canada;All-items","October 1927","2002=100","9.0","<a href=""https://www150.statcan.gc.ca/t1/tbl1/en/tv.action?pid=1810000401"">18-10-0004-01</a>"
"V41690973","Consumer Price Index, monthly, not seasonally adjusted","Monthly","Canada;All-items","November 1927","2002=100","9.1","<a href=""https://www150.statcan.gc.ca/t1/tbl1/en/tv.action?pid=1810000401"">18-10-0004-01</a>"
"V41690973","Consumer Price Index, monthly, not seasonally adjusted","Monthly","Canada;All-items","December 1927","2002=100","9.1","<a href=""https://www150.statcan.gc.ca/t1/tbl1/en/tv.action?pid=1810000401"">18-10-0004-01</a>"
"V41690973","Consumer Price Index, monthly, not seasonally adjusted","Monthly","Canada;All-items","January 1928","2002=100","9.2","<a href=""https://www150.statcan.gc.ca/t1/tbl1/en/tv.action?pid=1810000401"">18-10-0004-01</a>"
"V41690973","Consumer Price Index, monthly, not seasonally adjusted","Monthly","Canada;All-items","February 1928","2002=100","9.2","<a href=""https://www150.statcan.gc.ca/t1/tbl1/en/tv.action?pid=1810000401"">18-10-0004-01</a>"
"V41690973","Consumer Price Index, monthly, not seasonally adjusted","Monthly","Canada;All-items","March 1928","2002=100","9.1","<a href=""https://www150.statcan.gc.ca/t1/tbl1/en/tv.action?pid=1810000401"">18-10-0004-01</a>"
"V41690973","Consumer Price Index, monthly, not seasonally adjusted","Monthly","Canada;All-items","April 1928","2002=100","9.1","<a href=""https://www150.statcan.gc.ca/t1/tbl1/en/tv.action?pid=1810000401"">18-10-0004-01</a>"
"V41690973","Consumer Price Index, monthly, not seasonally adjusted","Monthly","Canada;All-items","May 1928","2002=100","9.0","<a href=""https://www150.statcan.gc.ca/t1/tbl1/en/tv.action?pid=1810000401"">18-10-0004-01</a>"
"V41690973","Consumer Price Index, monthly, not seasonally adjusted","Monthly","Canada;All-items","June 1928","2002=100","9.0","<a href=""https://www150.statcan.gc.ca/t1/tbl1/en/tv.action?pid=1810000401"">18-10-0004-01</a>"
"V41690973","Consumer Price Index, monthly, not seasonally adjusted","Monthly","Canada;All-items","July 1928","2002=100","9.0","<a href=""https://www150.statcan.gc.ca/t1/tbl1/en/tv.action?pid=1810000401"">18-10-0004-01</a>"
"V41690973","Consumer Price Index, monthly, not seasonally adjusted","Monthly","Canada;All-items","August 1928","2002=100","9.2","<a href=""https://www150.statcan.gc.ca/t1/tbl1/en/tv.action?pid=1810000401"">18-10-0004-01</a>"
"V41690973","Consumer Price Index, monthly, not seasonally adjusted","Monthly","Canada;All-items","September 1928","2002=100","9.2","<a href=""https://www150.statcan.gc.ca/t1/tbl1/en/tv.action?pid=1810000401"">18-10-0004-01</a>"
"V41690973","Consumer Price Index, monthly, not seasonally adjusted","Monthly","Canada;All-items","October 1928","2002=100","9.2","<a href=""https://www150.statcan.gc.ca/t1/tbl1/en/tv.action?pid=1810000401"">18-10-0004-01</a>"
"V41690973","Consumer Price Index, monthly, not seasonally adjusted","Monthly","Canada;All-items","November 1928","2002=100","9.2","<a href=""https://www150.statcan.gc.ca/t1/tbl1/en/tv.action?pid=1810000401"">18-10-0004-01</a>"
"V41690973","Consumer Price Index, monthly, not seasonally adjusted","Monthly","Canada;All-items","December 1928","2002=100","9.2","<a href=""https://www150.statcan.gc.ca/t1/tbl1/en/tv.action?pid=1810000401"">18-10-0004-01</a>"
"V41690973","Consumer Price Index, monthly, not seasonally adjusted","Monthly","Canada;All-items","January 1929","2002=100","9.2","<a href=""https://www150.statcan.gc.ca/t1/tbl1/en/tv.action?pid=1810000401"">18-10-0004-01</a>"
"V41690973","Consumer Price Index, monthly, not seasonally adjusted","Monthly","Canada;All-items","February 1929","2002=100","9.2","<a href=""https://www150.statcan.gc.ca/t1/tbl1/en/tv.action?pid=1810000401"">18-10-0004-01</a>"
"V41690973","Consumer Price Index, monthly, not seasonally adjusted","Monthly","Canada;All-items","March 1929","2002=100","9.2","<a href=""https://www150.statcan.gc.ca/t1/tbl1/en/tv.action?pid=1810000401"">18-10-0004-01</a>"
"V41690973","Consumer Price Index, monthly, not seasonally adjusted","Monthly","Canada;All-items","April 1929","2002=100","9.1","<a href=""https://www150.statcan.gc.ca/t1/tbl1/en/tv.action?pid=1810000401"">18-10-0004-01</a>"
"V41690973","Consumer Price Index, monthly, not seasonally adjusted","Monthly","Canada;All-items","May 1929","2002=100","9.2","<a href=""https://www150.statcan.gc.ca/t1/tbl1/en/tv.action?pid=1810000401"">18-10-0004-01</a>"
"V41690973","Consumer Price Index, monthly, not seasonally adjusted","Monthly","Canada;All-items","June 1929","2002=100","9.2","<a href=""https://www150.statcan.gc.ca/t1/tbl1/en/tv.action?pid=1810000401"">18-10-0004-01</a>"
"V41690973","Consumer Price Index, monthly, not seasonally adjusted","Monthly","Canada;All-items","July 1929","2002=100","9.2","<a href=""https://www150.statcan.gc.ca/t1/tbl1/en/tv.action?pid=1810000401"">18-10-0004-01</a>"
"V41690973","Consumer Price Index, monthly, not seasonally adjusted","Monthly","Canada;All-items","August 1929","2002=100","9.2","<a href=""https://www150.statcan.gc.ca/t1/tbl1/en/tv.action?pid=1810000401"">18-10-0004-01</a>"
"V41690973","Consumer Price Index, monthly, not seasonally adjusted","Monthly","Canada;All-items","September 1929","2002=100","9.2","<a href=""https://www150.statcan.gc.ca/t1/tbl1/en/tv.action?pid=1810000401"">18-10-0004-01</a>"
"V41690973","Consumer Price Index, monthly, not seasonally adjusted","Monthly","Canada;All-items","October 1929","2002=100","9.3","<a href=""https://www150.statcan.gc.ca/t1/tbl1/en/tv.action?pid=1810000401"">18-10-0004-01</a>"
"V41690973","Consumer Price Index, monthly, not seasonally adjusted","Monthly","Canada;All-items","November 1929","2002=100","9.3","<a href=""https://www150.statcan.gc.ca/t1/tbl1/en/tv.action?pid=1810000401"">18-10-0004-01</a>"
"V41690973","Consumer Price Index, monthly, not seasonally adjusted","Monthly","Canada;All-items","December 1929","2002=100","9.4","<a href=""https://www150.statcan.gc.ca/t1/tbl1/en/tv.action?pid=1810000401"">18-10-0004-01</a>"
"V41690973","Consumer Price Index, monthly, not seasonally adjusted","Monthly","Canada;All-items","January 1930","2002=100","9.4","<a href=""https://www150.statcan.gc.ca/t1/tbl1/en/tv.action?pid=1810000401"">18-10-0004-01</a>"
"V41690973","Consumer Price Index, monthly, not seasonally adjusted","Monthly","Canada;All-items","February 1930","2002=100","9.4","<a href=""https://www150.statcan.gc.ca/t1/tbl1/en/tv.action?pid=1810000401"">18-10-0004-01</a>"
"V41690973","Consumer Price Index, monthly, not seasonally adjusted","Monthly","Canada;All-items","March 1930","2002=100","9.3","<a href=""https://www150.statcan.gc.ca/t1/tbl1/en/tv.action?pid=1810000401"">18-10-0004-01</a>"
"V41690973","Consumer Price Index, monthly, not seasonally adjusted","Monthly","Canada;All-items","April 1930","2002=100","9.2","<a href=""https://www150.statcan.gc.ca/t1/tbl1/en/tv.action?pid=1810000401"">18-10-0004-01</a>"
"V41690973","Consumer Price Index, monthly, not seasonally adjusted","Monthly","Canada;All-items","May 1930","2002=100","9.2","<a href=""https://www150.statcan.gc.ca/t1/tbl1/en/tv.action?pid=1810000401"">18-10-0004-01</a>"
"V41690973","Consumer Price Index, monthly, not seasonally adjusted","Monthly","Canada;All-items","June 1930","2002=100","9.2","<a href=""https://www150.statcan.gc.ca/t1/tbl1/en/tv.action?pid=1810000401"">18-10-0004-01</a>"
"V41690973","Consumer Price Index, monthly, not seasonally adjusted","Monthly","Canada;All-items","July 1930","2002=100","9.2","<a href=""https://www150.statcan.gc.ca/t1/tbl1/en/tv.action?pid=1810000401"">18-10-0004-01</a>"
"V41690973","Consumer Price Index, monthly, not seasonally adjusted","Monthly","Canada;All-items","August 1930","2002=100","9.2","<a href=""https://www150.statcan.gc.ca/t1/tbl1/en/tv.action?pid=1810000401"">18-10-0004-01</a>"
"V41690973","Consumer Price Index, monthly, not seasonally adjusted","Monthly","Canada;All-items","September 1930","2002=100","8.9","<a href=""https://www150.statcan.gc.ca/t1/tbl1/en/tv.action?pid=1810000401"">18-10-0004-01</a>"
"V41690973","Consumer Price Index, monthly, not seasonally adjusted","Monthly","Canada;All-items","October 1930","2002=100","8.9","<a href=""https://www150.statcan.gc.ca/t1/tbl1/en/tv.action?pid=1810000401"">18-10-0004-01</a>"
"V41690973","Consumer Price Index, monthly, not seasonally adjusted","Monthly","Canada;All-items","November 1930","2002=100","8.9","<a href=""https://www150.statcan.gc.ca/t1/tbl1/en/tv.action?pid=1810000401"">18-10-0004-01</a>"
"V41690973","Consumer Price Index, monthly, not seasonally adjusted","Monthly","Canada;All-items","December 1930","2002=100","8.8","<a href=""https://www150.statcan.gc.ca/t1/tbl1/en/tv.action?pid=1810000401"">18-10-0004-01</a>"
"V41690973","Consumer Price Index, monthly, not seasonally adjusted","Monthly","Canada;All-items","January 1931","2002=100","8.7","<a href=""https://www150.statcan.gc.ca/t1/tbl1/en/tv.action?pid=1810000401"">18-10-0004-01</a>"
"V41690973","Consumer Price Index, monthly, not seasonally adjusted","Monthly","Canada;All-items","February 1931","2002=100","8.6","<a href=""https://www150.statcan.gc.ca/t1/tbl1/en/tv.action?pid=1810000401"">18-10-0004-01</a>"
"V41690973","Consumer Price Index, monthly, not seasonally adjusted","Monthly","Canada;All-items","March 1931","2002=100","8.5","<a href=""https://www150.statcan.gc.ca/t1/tbl1/en/tv.action?pid=1810000401"">18-10-0004-01</a>"
"V41690973","Consumer Price Index, monthly, not seasonally adjusted","Monthly","Canada;All-items","April 1931","2002=100","8.4","<a href=""https://www150.statcan.gc.ca/t1/tbl1/en/tv.action?pid=1810000401"">18-10-0004-01</a>"
"V41690973","Consumer Price Index, monthly, not seasonally adjusted","Monthly","Canada;All-items","May 1931","2002=100","8.3","<a href=""https://www150.statcan.gc.ca/t1/tbl1/en/tv.action?pid=1810000401"">18-10-0004-01</a>"
"V41690973","Consumer Price Index, monthly, not seasonally adjusted","Monthly","Canada;All-items","June 1931","2002=100","8.2","<a href=""https://www150.statcan.gc.ca/t1/tbl1/en/tv.action?pid=1810000401"">18-10-0004-01</a>"
"V41690973","Consumer Price Index, monthly, not seasonally adjusted","Monthly","Canada;All-items","July 1931","2002=100","8.1","<a href=""https://www150.statcan.gc.ca/t1/tbl1/en/tv.action?pid=1810000401"">18-10-0004-01</a>"
"V41690973","Consumer Price Index, monthly, not seasonally adjusted","Monthly","Canada;All-items","August 1931","2002=100","8.2","<a href=""https://www150.statcan.gc.ca/t1/tbl1/en/tv.action?pid=1810000401"">18-10-0004-01</a>"
"V41690973","Consumer Price Index, monthly, not seasonally adjusted","Monthly","Canada;All-items","September 1931","2002=100","8.1","<a href=""https://www150.statcan.gc.ca/t1/tbl1/en/tv.action?pid=1810000401"">18-10-0004-01</a>"
"V41690973","Consumer Price Index, monthly, not seasonally adjusted","Monthly","Canada;All-items","October 1931","2002=100","7.9","<a href=""https://www150.statcan.gc.ca/t1/tbl1/en/tv.action?pid=1810000401"">18-10-0004-01</a>"
"V41690973","Consumer Price Index, monthly, not seasonally adjusted","Monthly","Canada;All-items","November 1931","2002=100","7.9","<a href=""https://www150.statcan.gc.ca/t1/tbl1/en/tv.action?pid=1810000401"">18-10-0004-01</a>"
"V41690973","Consumer Price Index, monthly, not seasonally adjusted","Monthly","Canada;All-items","December 1931","2002=100","7.9","<a href=""https://www150.statcan.gc.ca/t1/tbl1/en/tv.action?pid=1810000401"">18-10-0004-01</a>"
"V41690973","Consumer Price Index, monthly, not seasonally adjusted","Monthly","Canada;All-items","January 1932","2002=100","7.8","<a href=""https://www150.statcan.gc.ca/t1/tbl1/en/tv.action?pid=1810000401"">18-10-0004-01</a>"
"V41690973","Consumer Price Index, monthly, not seasonally adjusted","Monthly","Canada;All-items","February 1932","2002=100","7.6","<a href=""https://www150.statcan.gc.ca/t1/tbl1/en/tv.action?pid=1810000401"">18-10-0004-01</a>"
"V41690973","Consumer Price Index, monthly, not seasonally adjusted","Monthly","Canada;All-items","March 1932","2002=100","7.6","<a href=""https://www150.statcan.gc.ca/t1/tbl1/en/tv.action?pid=1810000401"">18-10-0004-01</a>"
"V41690973","Consumer Price Index, monthly, not seasonally adjusted","Monthly","Canada;All-items","April 1932","2002=100","7.6","<a href=""https://www150.statcan.gc.ca/t1/tbl1/en/tv.action?pid=1810000401"">18-10-0004-01</a>"
"V41690973","Consumer Price Index, monthly, not seasonally adjusted","Monthly","Canada;All-items","May 1932","2002=100","7.4","<a href=""https://www150.statcan.gc.ca/t1/tbl1/en/tv.action?pid=1810000401"">18-10-0004-01</a>"
"V41690973","Consumer Price Index, monthly, not seasonally adjusted","Monthly","Canada;All-items","June 1932","2002=100","7.4","<a href=""https://www150.statcan.gc.ca/t1/tbl1/en/tv.action?pid=1810000401"">18-10-0004-01</a>"
"V41690973","Consumer Price Index, monthly, not seasonally adjusted","Monthly","Canada;All-items","July 1932","2002=100","7.4","<a href=""https://www150.statcan.gc.ca/t1/tbl1/en/tv.action?pid=1810000401"">18-10-0004-01</a>"
"V41690973","Consumer Price Index, monthly, not seasonally adjusted","Monthly","Canada;All-items","August 1932","2002=100","7.4","<a href=""https://www150.statcan.gc.ca/t1/tbl1/en/tv.action?pid=1810000401"">18-10-0004-01</a>"
"V41690973","Consumer Price Index, monthly, not seasonally adjusted","Monthly","Canada;All-items","September 1932","2002=100","7.4","<a href=""https://www150.statcan.gc.ca/t1/tbl1/en/tv.action?pid=1810000401"">18-10-0004-01</a>"
"V41690973","Consumer Price Index, monthly, not seasonally adjusted","Monthly","Canada;All-items","October 1932","2002=100","7.3","<a href=""https://www150.statcan.gc.ca/t1/tbl1/en/tv.action?pid=1810000401"">18-10-0004-01</a>"
"V41690973","Consumer Price Index, monthly, not seasonally adjusted","Monthly","Canada;All-items","November 1932","2002=100","7.3","<a href=""https://www150.statcan.gc.ca/t1/tbl1/en/tv.action?pid=1810000401"">18-10-0004-01</a>"
"V41690973","Consumer Price Index, monthly, not seasonally adjusted","Monthly","Canada;All-items","December 1932","2002=100","7.3","<a href=""https://www150.statcan.gc.ca/t1/tbl1/en/tv.action?pid=1810000401"">18-10-0004-01</a>"
"V41690973","Consumer Price Index, monthly, not seasonally adjusted","Monthly","Canada;All-items","January 1933","2002=100","7.2","<a href=""https://www150.statcan.gc.ca/t1/tbl1/en/tv.action?pid=1810000401"">18-10-0004-01</a>"
"V41690973","Consumer Price Index, monthly, not seasonally adjusted","Monthly","Canada;All-items","February 1933","2002=100","7.2","<a href=""https://www150.statcan.gc.ca/t1/tbl1/en/tv.action?pid=1810000401"">18-10-0004-01</a>"
"V41690973","Consumer Price Index, monthly, not seasonally adjusted","Monthly","Canada;All-items","March 1933","2002=100","7.1","<a href=""https://www150.statcan.gc.ca/t1/tbl1/en/tv.action?pid=1810000401"">18-10-0004-01</a>"
"V41690973","Consumer Price Index, monthly, not seasonally adjusted","Monthly","Canada;All-items","April 1933","2002=100","7.1","<a href=""https://www150.statcan.gc.ca/t1/tbl1/en/tv.action?pid=1810000401"">18-10-0004-01</a>"
"V41690973","Consumer Price Index, monthly, not seasonally adjusted","Monthly","Canada;All-items","May 1933","2002=100","7.1","<a href=""https://www150.statcan.gc.ca/t1/tbl1/en/tv.action?pid=1810000401"">18-10-0004-01</a>"
"V41690973","Consumer Price Index, monthly, not seasonally adjusted","Monthly","Canada;All-items","June 1933","2002=100","7.1","<a href=""https://www150.statcan.gc.ca/t1/tbl1/en/tv.action?pid=1810000401"">18-10-0004-01</a>"
"V41690973","Consumer Price Index, monthly, not seasonally adjusted","Monthly","Canada;All-items","July 1933","2002=100","7.1","<a href=""https://www150.statcan.gc.ca/t1/tbl1/en/tv.action?pid=1810000401"">18-10-0004-01</a>"
"V41690973","Consumer Price Index, monthly, not seasonally adjusted","Monthly","Canada;All-items","August 1933","2002=100","7.2","<a href=""https://www150.statcan.gc.ca/t1/tbl1/en/tv.action?pid=1810000401"">18-10-0004-01</a>"
"V41690973","Consumer Price Index, monthly, not seasonally adjusted","Monthly","Canada;All-items","September 1933","2002=100","7.2","<a href=""https://www150.statcan.gc.ca/t1/tbl1/en/tv.action?pid=1810000401"">18-10-0004-01</a>"
"V41690973","Consumer Price Index, monthly, not seasonally adjusted","Monthly","Canada;All-items","October 1933","2002=100","7.1","<a href=""https://www150.statcan.gc.ca/t1/tbl1/en/tv.action?pid=1810000401"">18-10-0004-01</a>"
"V41690973","Consumer Price Index, monthly, not seasonally adjusted","Monthly","Canada;All-items","November 1933","2002=100","7.1","<a href=""https://www150.statcan.gc.ca/t1/tbl1/en/tv.action?pid=1810000401"">18-10-0004-01</a>"
"V41690973","Consumer Price Index, monthly, not seasonally adjusted","Monthly","Canada;All-items","December 1933","2002=100","7.1","<a href=""https://www150.statcan.gc.ca/t1/tbl1/en/tv.action?pid=1810000401"">18-10-0004-01</a>"
"V41690973","Consumer Price Index, monthly, not seasonally adjusted","Monthly","Canada;All-items","January 1934","2002=100","7.2","<a href=""https://www150.statcan.gc.ca/t1/tbl1/en/tv.action?pid=1810000401"">18-10-0004-01</a>"
"V41690973","Consumer Price Index, monthly, not seasonally adjusted","Monthly","Canada;All-items","February 1934","2002=100","7.2","<a href=""https://www150.statcan.gc.ca/t1/tbl1/en/tv.action?pid=1810000401"">18-10-0004-01</a>"
"V41690973","Consumer Price Index, monthly, not seasonally adjusted","Monthly","Canada;All-items","March 1934","2002=100","7.3","<a href=""https://www150.statcan.gc.ca/t1/tbl1/en/tv.action?pid=1810000401"">18-10-0004-01</a>"
"V41690973","Consumer Price Index, monthly, not seasonally adjusted","Monthly","Canada;All-items","April 1934","2002=100","7.3","<a href=""https://www150.statcan.gc.ca/t1/tbl1/en/tv.action?pid=1810000401"">18-10-0004-01</a>"
"V41690973","Consumer Price Index, monthly, not seasonally adjusted","Monthly","Canada;All-items","May 1934","2002=100","7.2","<a href=""https://www150.statcan.gc.ca/t1/tbl1/en/tv.action?pid=1810000401"">18-10-0004-01</a>"
"V41690973","Consumer Price Index, monthly, not seasonally adjusted","Monthly","Canada;All-items","June 1934","2002=100","7.2","<a href=""https://www150.statcan.gc.ca/t1/tbl1/en/tv.action?pid=1810000401"">18-10-0004-01</a>"
"V41690973","Consumer Price Index, monthly, not seasonally adjusted","Monthly","Canada;All-items","July 1934","2002=100","7.2","<a href=""https://www150.statcan.gc.ca/t1/tbl1/en/tv.action?pid=1810000401"">18-10-0004-01</a>"
"V41690973","Consumer Price Index, monthly, not seasonally adjusted","Monthly","Canada;All-items","August 1934","2002=100","7.2","<a href=""https://www150.statcan.gc.ca/t1/tbl1/en/tv.action?pid=1810000401"">18-10-0004-01</a>"
"V41690973","Consumer Price Index, monthly, not seasonally adjusted","Monthly","Canada;All-items","September 1934","2002=100","7.2","<a href=""https://www150.statcan.gc.ca/t1/tbl1/en/tv.action?pid=1810000401"">18-10-0004-01</a>"
"V41690973","Consumer Price Index, monthly, not seasonally adjusted","Monthly","Canada;All-items","October 1934","2002=100","7.2","<a href=""https://www150.statcan.gc.ca/t1/tbl1/en/tv.action?pid=1810000401"">18-10-0004-01</a>"
"V41690973","Consumer Price Index, monthly, not seasonally adjusted","Monthly","Canada;All-items","November 1934","2002=100","7.2","<a href=""https://www150.statcan.gc.ca/t1/tbl1/en/tv.action?pid=1810000401"">18-10-0004-01</a>"
"V41690973","Consumer Price Index, monthly, not seasonally adjusted","Monthly","Canada;All-items","December 1934","2002=100","7.2","<a href=""https://www150.statcan.gc.ca/t1/tbl1/en/tv.action?pid=1810000401"">18-10-0004-01</a>"
"V41690973","Consumer Price Index, monthly, not seasonally adjusted","Monthly","Canada;All-items","January 1935","2002=100","7.2","<a href=""https://www150.statcan.gc.ca/t1/tbl1/en/tv.action?pid=1810000401"">18-10-0004-01</a>"
"V41690973","Consumer Price Index, monthly, not seasonally adjusted","Monthly","Canada;All-items","February 1935","2002=100","7.2","<a href=""https://www150.statcan.gc.ca/t1/tbl1/en/tv.action?pid=1810000401"">18-10-0004-01</a>"
"V41690973","Consumer Price Index, monthly, not seasonally adjusted","Monthly","Canada;All-items","March 1935","2002=100","7.2","<a href=""https://www150.statcan.gc.ca/t1/tbl1/en/tv.action?pid=1810000401"">18-10-0004-01</a>"
"V41690973","Consumer Price Index, monthly, not seasonally adjusted","Monthly","Canada;All-items","April 1935","2002=100","7.2","<a href=""https://www150.statcan.gc.ca/t1/tbl1/en/tv.action?pid=1810000401"">18-10-0004-01</a>"
"V41690973","Consumer Price Index, monthly, not seasonally adjusted","Monthly","Canada;All-items","May 1935","2002=100","7.2","<a href=""https://www150.statcan.gc.ca/t1/tbl1/en/tv.action?pid=1810000401"">18-10-0004-01</a>"
"V41690973","Consumer Price Index, monthly, not seasonally adjusted","Monthly","Canada;All-items","June 1935","2002=100","7.2","<a href=""https://www150.statcan.gc.ca/t1/tbl1/en/tv.action?pid=1810000401"">18-10-0004-01</a>"
"V41690973","Consumer Price Index, monthly, not seasonally adjusted","Monthly","Canada;All-items","July 1935","2002=100","7.2","<a href=""https://www150.statcan.gc.ca/t1/tbl1/en/tv.action?pid=1810000401"">18-10-0004-01</a>"
"V41690973","Consumer Price Index, monthly, not seasonally adjusted","Monthly","Canada;All-items","August 1935","2002=100","7.2","<a href=""https://www150.statcan.gc.ca/t1/tbl1/en/tv.action?pid=1810000401"">18-10-0004-01</a>"
"V41690973","Consumer Price Index, monthly, not seasonally adjusted","Monthly","Canada;All-items","September 1935","2002=100","7.3","<a href=""https://www150.statcan.gc.ca/t1/tbl1/en/tv.action?pid=1810000401"">18-10-0004-01</a>"
"V41690973","Consumer Price Index, monthly, not seasonally adjusted","Monthly","Canada;All-items","October 1935","2002=100","7.3","<a href=""https://www150.statcan.gc.ca/t1/tbl1/en/tv.action?pid=1810000401"">18-10-0004-01</a>"
"V41690973","Consumer Price Index, monthly, not seasonally adjusted","Monthly","Canada;All-items","November 1935","2002=100","7.4","<a href=""https://www150.statcan.gc.ca/t1/tbl1/en/tv.action?pid=1810000401"">18-10-0004-01</a>"
"V41690973","Consumer Price Index, monthly, not seasonally adjusted","Monthly","Canada;All-items","December 1935","2002=100","7.4","<a href=""https://www150.statcan.gc.ca/t1/tbl1/en/tv.action?pid=1810000401"">18-10-0004-01</a>"
"V41690973","Consumer Price Index, monthly, not seasonally adjusted","Monthly","Canada;All-items","January 1936","2002=100","7.4","<a href=""https://www150.statcan.gc.ca/t1/tbl1/en/tv.action?pid=1810000401"">18-10-0004-01</a>"
"V41690973","Consumer Price Index, monthly, not seasonally adjusted","Monthly","Canada;All-items","February 1936","2002=100","7.4","<a href=""https://www150.statcan.gc.ca/t1/tbl1/en/tv.action?pid=1810000401"">18-10-0004-01</a>"
"V41690973","Consumer Price Index, monthly, not seasonally adjusted","Monthly","Canada;All-items","March 1936","2002=100","7.4","<a href=""https://www150.statcan.gc.ca/t1/tbl1/en/tv.action?pid=1810000401"">18-10-0004-01</a>"
"V41690973","Consumer Price Index, monthly, not seasonally adjusted","Monthly","Canada;All-items","April 1936","2002=100","7.3","<a href=""https://www150.statcan.gc.ca/t1/tbl1/en/tv.action?pid=1810000401"">18-10-0004-01</a>"
"V41690973","Consumer Price Index, monthly, not seasonally adjusted","Monthly","Canada;All-items","May 1936","2002=100","7.3","<a href=""https://www150.statcan.gc.ca/t1/tbl1/en/tv.action?pid=1810000401"">18-10-0004-01</a>"
"V41690973","Consumer Price Index, monthly, not seasonally adjusted","Monthly","Canada;All-items","June 1936","2002=100","7.3","<a href=""https://www150.statcan.gc.ca/t1/tbl1/en/tv.action?pid=1810000401"">18-10-0004-01</a>"
"V41690973","Consumer Price Index, monthly, not seasonally adjusted","Monthly","Canada;All-items","July 1936","2002=100","7.4","<a href=""https://www150.statcan.gc.ca/t1/tbl1/en/tv.action?pid=1810000401"">18-10-0004-01</a>"
"V41690973","Consumer Price Index, monthly, not seasonally adjusted","Monthly","Canada;All-items","August 1936","2002=100","7.4","<a href=""https://www150.statcan.gc.ca/t1/tbl1/en/tv.action?pid=1810000401"">18-10-0004-01</a>"
"V41690973","Consumer Price Index, monthly, not seasonally adjusted","Monthly","Canada;All-items","September 1936","2002=100","7.4","<a href=""https://www150.statcan.gc.ca/t1/tbl1/en/tv.action?pid=1810000401"">18-10-0004-01</a>"
"V41690973","Consumer Price Index, monthly, not seasonally adjusted","Monthly","Canada;All-items","October 1936","2002=100","7.5","<a href=""https://www150.statcan.gc.ca/t1/tbl1/en/tv.action?pid=1810000401"">18-10-0004-01</a>"
"V41690973","Consumer Price Index, monthly, not seasonally adjusted","Monthly","Canada;All-items","November 1936","2002=100","7.5","<a href=""https://www150.statcan.gc.ca/t1/tbl1/en/tv.action?pid=1810000401"">18-10-0004-01</a>"
"V41690973","Consumer Price Index, monthly, not seasonally adjusted","Monthly","Canada;All-items","December 1936","2002=100","7.5","<a href=""https://www150.statcan.gc.ca/t1/tbl1/en/tv.action?pid=1810000401"">18-10-0004-01</a>"
"V41690973","Consumer Price Index, monthly, not seasonally adjusted","Monthly","Canada;All-items","January 1937","2002=100","7.6","<a href=""https://www150.statcan.gc.ca/t1/tbl1/en/tv.action?pid=1810000401"">18-10-0004-01</a>"
"V41690973","Consumer Price Index, monthly, not seasonally adjusted","Monthly","Canada;All-items","February 1937","2002=100","7.6","<a href=""https://www150.statcan.gc.ca/t1/tbl1/en/tv.action?pid=1810000401"">18-10-0004-01</a>"
"V41690973","Consumer Price Index, monthly, not seasonally adjusted","Monthly","Canada;All-items","March 1937","2002=100","7.6","<a href=""https://www150.statcan.gc.ca/t1/tbl1/en/tv.action?pid=1810000401"">18-10-0004-01</a>"
"V41690973","Consumer Price Index, monthly, not seasonally adjusted","Monthly","Canada;All-items","April 1937","2002=100","7.6","<a href=""https://www150.statcan.gc.ca/t1/tbl1/en/tv.action?pid=1810000401"">18-10-0004-01</a>"
"V41690973","Consumer Price Index, monthly, not seasonally adjusted","Monthly","Canada;All-items","May 1937","2002=100","7.6","<a href=""https://www150.statcan.gc.ca/t1/tbl1/en/tv.action?pid=1810000401"">18-10-0004-01</a>"
"V41690973","Consumer Price Index, monthly, not seasonally adjusted","Monthly","Canada;All-items","June 1937","2002=100","7.6","<a href=""https://www150.statcan.gc.ca/t1/tbl1/en/tv.action?pid=1810000401"">18-10-0004-01</a>"
"V41690973","Consumer Price Index, monthly, not seasonally adjusted","Monthly","Canada;All-items","July 1937","2002=100","7.6","<a href=""https://www150.statcan.gc.ca/t1/tbl1/en/tv.action?pid=1810000401"">18-10-0004-01</a>"
"V41690973","Consumer Price Index, monthly, not seasonally adjusted","Monthly","Canada;All-items","August 1937","2002=100","7.7","<a href=""https://www150.statcan.gc.ca/t1/tbl1/en/tv.action?pid=1810000401"">18-10-0004-01</a>"
"V41690973","Consumer Price Index, monthly, not seasonally adjusted","Monthly","Canada;All-items","September 1937","2002=100","7.7","<a href=""https://www150.statcan.gc.ca/t1/tbl1/en/tv.action?pid=1810000401"">18-10-0004-01</a>"
"V41690973","Consumer Price Index, monthly, not seasonally adjusted","Monthly","Canada;All-items","October 1937","2002=100","7.8","<a href=""https://www150.statcan.gc.ca/t1/tbl1/en/tv.action?pid=1810000401"">18-10-0004-01</a>"
"V41690973","Consumer Price Index, monthly, not seasonally adjusted","Monthly","Canada;All-items","November 1937","2002=100","7.8","<a href=""https://www150.statcan.gc.ca/t1/tbl1/en/tv.action?pid=1810000401"">18-10-0004-01</a>"
"V41690973","Consumer Price Index, monthly, not seasonally adjusted","Monthly","Canada;All-items","December 1937","2002=100","7.8","<a href=""https://www150.statcan.gc.ca/t1/tbl1/en/tv.action?pid=1810000401"">18-10-0004-01</a>"
"V41690973","Consumer Price Index, monthly, not seasonally adjusted","Monthly","Canada;All-items","January 1938","2002=100","7.7","<a href=""https://www150.statcan.gc.ca/t1/tbl1/en/tv.action?pid=1810000401"">18-10-0004-01</a>"
"V41690973","Consumer Price Index, monthly, not seasonally adjusted","Monthly","Canada;All-items","February 1938","2002=100","7.7","<a href=""https://www150.statcan.gc.ca/t1/tbl1/en/tv.action?pid=1810000401"">18-10-0004-01</a>"
"V41690973","Consumer Price Index, monthly, not seasonally adjusted","Monthly","Canada;All-items","March 1938","2002=100","7.8","<a href=""https://www150.statcan.gc.ca/t1/tbl1/en/tv.action?pid=1810000401"">18-10-0004-01</a>"
"V41690973","Consumer Price Index, monthly, not seasonally adjusted","Monthly","Canada;All-items","April 1938","2002=100","7.8","<a href=""https://www150.statcan.gc.ca/t1/tbl1/en/tv.action?pid=1810000401"">18-10-0004-01</a>"
"V41690973","Consumer Price Index, monthly, not seasonally adjusted","Monthly","Canada;All-items","May 1938","2002=100","7.7","<a href=""https://www150.statcan.gc.ca/t1/tbl1/en/tv.action?pid=1810000401"">18-10-0004-01</a>"
"V41690973","Consumer Price Index, monthly, not seasonally adjusted","Monthly","Canada;All-items","June 1938","2002=100","7.7","<a href=""https://www150.statcan.gc.ca/t1/tbl1/en/tv.action?pid=1810000401"">18-10-0004-01</a>"
"V41690973","Consumer Price Index, monthly, not seasonally adjusted","Monthly","Canada;All-items","July 1938","2002=100","7.8","<a href=""https://www150.statcan.gc.ca/t1/tbl1/en/tv.action?pid=1810000401"">18-10-0004-01</a>"
"V41690973","Consumer Price Index, monthly, not seasonally adjusted","Monthly","Canada;All-items","August 1938","2002=100","7.8","<a href=""https://www150.statcan.gc.ca/t1/tbl1/en/tv.action?pid=1810000401"">18-10-0004-01</a>"
"V41690973","Consumer Price Index, monthly, not seasonally adjusted","Monthly","Canada;All-items","September 1938","2002=100","7.7","<a href=""https://www150.statcan.gc.ca/t1/tbl1/en/tv.action?pid=1810000401"">18-10-0004-01</a>"
"V41690973","Consumer Price Index, monthly, not seasonally adjusted","Monthly","Canada;All-items","October 1938","2002=100","7.6","<a href=""https://www150.statcan.gc.ca/t1/tbl1/en/tv.action?pid=1810000401"">18-10-0004-01</a>"
"V41690973","Consumer Price Index, monthly, not seasonally adjusted","Monthly","Canada;All-items","November 1938","2002=100","7.6","<a href=""https://www150.statcan.gc.ca/t1/tbl1/en/tv.action?pid=1810000401"">18-10-0004-01</a>"
"V41690973","Consumer Price Index, monthly, not seasonally adjusted","Monthly","Canada;All-items","December 1938","2002=100","7.6","<a href=""https://www150.statcan.gc.ca/t1/tbl1/en/tv.action?pid=1810000401"">18-10-0004-01</a>"
"V41690973","Consumer Price Index, monthly, not seasonally adjusted","Monthly","Canada;All-items","January 1939","2002=100","7.6","<a href=""https://www150.statcan.gc.ca/t1/tbl1/en/tv.action?pid=1810000401"">18-10-0004-01</a>"
"V41690973","Consumer Price Index, monthly, not seasonally adjusted","Monthly","Canada;All-items","February 1939","2002=100","7.6","<a href=""https://www150.statcan.gc.ca/t1/tbl1/en/tv.action?pid=1810000401"">18-10-0004-01</a>"
"V41690973","Consumer Price Index, monthly, not seasonally adjusted","Monthly","Canada;All-items","March 1939","2002=100","7.6","<a href=""https://www150.statcan.gc.ca/t1/tbl1/en/tv.action?pid=1810000401"">18-10-0004-01</a>"
"V41690973","Consumer Price Index, monthly, not seasonally adjusted","Monthly","Canada;All-items","April 1939","2002=100","7.6","<a href=""https://www150.statcan.gc.ca/t1/tbl1/en/tv.action?pid=1810000401"">18-10-0004-01</a>"
"V41690973","Consumer Price Index, monthly, not seasonally adjusted","Monthly","Canada;All-items","May 1939","2002=100","7.6","<a href=""https://www150.statcan.gc.ca/t1/tbl1/en/tv.action?pid=1810000401"">18-10-0004-01</a>"
"V41690973","Consumer Price Index, monthly, not seasonally adjusted","Monthly","Canada;All-items","June 1939","2002=100","7.6","<a href=""https://www150.statcan.gc.ca/t1/tbl1/en/tv.action?pid=1810000401"">18-10-0004-01</a>"
"V41690973","Consumer Price Index, monthly, not seasonally adjusted","Monthly","Canada;All-items","July 1939","2002=100","7.6","<a href=""https://www150.statcan.gc.ca/t1/tbl1/en/tv.action?pid=1810000401"">18-10-0004-01</a>"
"V41690973","Consumer Price Index, monthly, not seasonally adjusted","Monthly","Canada;All-items","August 1939","2002=100","7.6","<a href=""https://www150.statcan.gc.ca/t1/tbl1/en/tv.action?pid=1810000401"">18-10-0004-01</a>"
"V41690973","Consumer Price Index, monthly, not seasonally adjusted","Monthly","Canada;All-items","September 1939","2002=100","7.6","<a href=""https://www150.statcan.gc.ca/t1/tbl1/en/tv.action?pid=1810000401"">18-10-0004-01</a>"
"V41690973","Consumer Price Index, monthly, not seasonally adjusted","Monthly","Canada;All-items","October 1939","2002=100","7.8","<a href=""https://www150.statcan.gc.ca/t1/tbl1/en/tv.action?pid=1810000401"">18-10-0004-01</a>"
"V41690973","Consumer Price Index, monthly, not seasonally adjusted","Monthly","Canada;All-items","November 1939","2002=100","7.8","<a href=""https://www150.statcan.gc.ca/t1/tbl1/en/tv.action?pid=1810000401"">18-10-0004-01</a>"
"V41690973","Consumer Price Index, monthly, not seasonally adjusted","Monthly","Canada;All-items","December 1939","2002=100","7.8","<a href=""https://www150.statcan.gc.ca/t1/tbl1/en/tv.action?pid=1810000401"">18-10-0004-01</a>"
"V41690973","Consumer Price Index, monthly, not seasonally adjusted","Monthly","Canada;All-items","January 1940","2002=100","7.8","<a href=""https://www150.statcan.gc.ca/t1/tbl1/en/tv.action?pid=1810000401"">18-10-0004-01</a>"
"V41690973","Consumer Price Index, monthly, not seasonally adjusted","Monthly","Canada;All-items","February 1940","2002=100","7.8","<a href=""https://www150.statcan.gc.ca/t1/tbl1/en/tv.action?pid=1810000401"">18-10-0004-01</a>"
"V41690973","Consumer Price Index, monthly, not seasonally adjusted","Monthly","Canada;All-items","March 1940","2002=100","7.9","<a href=""https://www150.statcan.gc.ca/t1/tbl1/en/tv.action?pid=1810000401"">18-10-0004-01</a>"
"V41690973","Consumer Price Index, monthly, not seasonally adjusted","Monthly","Canada;All-items","April 1940","2002=100","7.9","<a href=""https://www150.statcan.gc.ca/t1/tbl1/en/tv.action?pid=1810000401"">18-10-0004-01</a>"
"V41690973","Consumer Price Index, monthly, not seasonally adjusted","Monthly","Canada;All-items","May 1940","2002=100","7.9","<a href=""https://www150.statcan.gc.ca/t1/tbl1/en/tv.action?pid=1810000401"">18-10-0004-01</a>"
"V41690973","Consumer Price Index, monthly, not seasonally adjusted","Monthly","Canada;All-items","June 1940","2002=100","7.9","<a href=""https://www150.statcan.gc.ca/t1/tbl1/en/tv.action?pid=1810000401"">18-10-0004-01</a>"
"V41690973","Consumer Price Index, monthly, not seasonally adjusted","Monthly","Canada;All-items","July 1940","2002=100","8.0","<a href=""https://www150.statcan.gc.ca/t1/tbl1/en/tv.action?pid=1810000401"">18-10-0004-01</a>"
"V41690973","Consumer Price Index, monthly, not seasonally adjusted","Monthly","Canada;All-items","August 1940","2002=100","8.0","<a href=""https://www150.statcan.gc.ca/t1/tbl1/en/tv.action?pid=1810000401"">18-10-0004-01</a>"
"V41690973","Consumer Price Index, monthly, not seasonally adjusted","Monthly","Canada;All-items","September 1940","2002=100","8.1","<a href=""https://www150.statcan.gc.ca/t1/tbl1/en/tv.action?pid=1810000401"">18-10-0004-01</a>"
"V41690973","Consumer Price Index, monthly, not seasonally adjusted","Monthly","Canada;All-items","October 1940","2002=100","8.1","<a href=""https://www150.statcan.gc.ca/t1/tbl1/en/tv.action?pid=1810000401"">18-10-0004-01</a>"
"V41690973","Consumer Price Index, monthly, not seasonally adjusted","Monthly","Canada;All-items","November 1940","2002=100","8.1","<a href=""https://www150.statcan.gc.ca/t1/tbl1/en/tv.action?pid=1810000401"">18-10-0004-01</a>"
"V41690973","Consumer Price Index, monthly, not seasonally adjusted","Monthly","Canada;All-items","December 1940","2002=100","8.2","<a href=""https://www150.statcan.gc.ca/t1/tbl1/en/tv.action?pid=1810000401"">18-10-0004-01</a>"
"V41690973","Consumer Price Index, monthly, not seasonally adjusted","Monthly","Canada;All-items","January 1941","2002=100","8.2","<a href=""https://www150.statcan.gc.ca/t1/tbl1/en/tv.action?pid=1810000401"">18-10-0004-01</a>"
"V41690973","Consumer Price Index, monthly, not seasonally adjusted","Monthly","Canada;All-items","February 1941","2002=100","8.2","<a href=""https://www150.statcan.gc.ca/t1/tbl1/en/tv.action?pid=1810000401"">18-10-0004-01</a>"
"V41690973","Consumer Price Index, monthly, not seasonally adjusted","Monthly","Canada;All-items","March 1941","2002=100","8.2","<a href=""https://www150.statcan.gc.ca/t1/tbl1/en/tv.action?pid=1810000401"">18-10-0004-01</a>"
"V41690973","Consumer Price Index, monthly, not seasonally adjusted","Monthly","Canada;All-items","April 1941","2002=100","8.2","<a href=""https://www150.statcan.gc.ca/t1/tbl1/en/tv.action?pid=1810000401"">18-10-0004-01</a>"
"V41690973","Consumer Price Index, monthly, not seasonally adjusted","Monthly","Canada;All-items","May 1941","2002=100","8.2","<a href=""https://www150.statcan.gc.ca/t1/tbl1/en/tv.action?pid=1810000401"">18-10-0004-01</a>"
"V41690973","Consumer Price Index, monthly, not seasonally adjusted","Monthly","Canada;All-items","June 1941","2002=100","8.4","<a href=""https://www150.statcan.gc.ca/t1/tbl1/en/tv.action?pid=1810000401"">18-10-0004-01</a>"
"V41690973","Consumer Price Index, monthly, not seasonally adjusted","Monthly","Canada;All-items","July 1941","2002=100","8.5","<a href=""https://www150.statcan.gc.ca/t1/tbl1/en/tv.action?pid=1810000401"">18-10-0004-01</a>"
"V41690973","Consumer Price Index, monthly, not seasonally adjusted","Monthly","Canada;All-items","August 1941","2002=100","8.6","<a href=""https://www150.statcan.gc.ca/t1/tbl1/en/tv.action?pid=1810000401"">18-10-0004-01</a>"
"V41690973","Consumer Price Index, monthly, not seasonally adjusted","Monthly","Canada;All-items","September 1941","2002=100","8.7","<a href=""https://www150.statcan.gc.ca/t1/tbl1/en/tv.action?pid=1810000401"">18-10-0004-01</a>"
"V41690973","Consumer Price Index, monthly, not seasonally adjusted","Monthly","Canada;All-items","October 1941","2002=100","8.7","<a href=""https://www150.statcan.gc.ca/t1/tbl1/en/tv.action?pid=1810000401"">18-10-0004-01</a>"
"V41690973","Consumer Price Index, monthly, not seasonally adjusted","Monthly","Canada;All-items","November 1941","2002=100","8.8","<a href=""https://www150.statcan.gc.ca/t1/tbl1/en/tv.action?pid=1810000401"">18-10-0004-01</a>"
"V41690973","Consumer Price Index, monthly, not seasonally adjusted","Monthly","Canada;All-items","December 1941","2002=100","8.7","<a href=""https://www150.statcan.gc.ca/t1/tbl1/en/tv.action?pid=1810000401"">18-10-0004-01</a>"
"V41690973","Consumer Price Index, monthly, not seasonally adjusted","Monthly","Canada;All-items","January 1942","2002=100","8.7","<a href=""https://www150.statcan.gc.ca/t1/tbl1/en/tv.action?pid=1810000401"">18-10-0004-01</a>"
"V41690973","Consumer Price Index, monthly, not seasonally adjusted","Monthly","Canada;All-items","February 1942","2002=100","8.7","<a href=""https://www150.statcan.gc.ca/t1/tbl1/en/tv.action?pid=1810000401"">18-10-0004-01</a>"
"V41690973","Consumer Price Index, monthly, not seasonally adjusted","Monthly","Canada;All-items","March 1942","2002=100","8.8","<a href=""https://www150.statcan.gc.ca/t1/tbl1/en/tv.action?pid=1810000401"">18-10-0004-01</a>"
"V41690973","Consumer Price Index, monthly, not seasonally adjusted","Monthly","Canada;All-items","April 1942","2002=100","8.8","<a href=""https://www150.statcan.gc.ca/t1/tbl1/en/tv.action?pid=1810000401"">18-10-0004-01</a>"
"V41690973","Consumer Price Index, monthly, not seasonally adjusted","Monthly","Canada;All-items","May 1942","2002=100","8.8","<a href=""https://www150.statcan.gc.ca/t1/tbl1/en/tv.action?pid=1810000401"">18-10-0004-01</a>"
"V41690973","Consumer Price Index, monthly, not seasonally adjusted","Monthly","Canada;All-items","June 1942","2002=100","8.8","<a href=""https://www150.statcan.gc.ca/t1/tbl1/en/tv.action?pid=1810000401"">18-10-0004-01</a>"
"V41690973","Consumer Price Index, monthly, not seasonally adjusted","Monthly","Canada;All-items","July 1942","2002=100","8.9","<a href=""https://www150.statcan.gc.ca/t1/tbl1/en/tv.action?pid=1810000401"">18-10-0004-01</a>"
"V41690973","Consumer Price Index, monthly, not seasonally adjusted","Monthly","Canada;All-items","August 1942","2002=100","8.9","<a href=""https://www150.statcan.gc.ca/t1/tbl1/en/tv.action?pid=1810000401"">18-10-0004-01</a>"
"V41690973","Consumer Price Index, monthly, not seasonally adjusted","Monthly","Canada;All-items","September 1942","2002=100","8.8","<a href=""https://www150.statcan.gc.ca/t1/tbl1/en/tv.action?pid=1810000401"">18-10-0004-01</a>"
"V41690973","Consumer Price Index, monthly, not seasonally adjusted","Monthly","Canada;All-items","October 1942","2002=100","8.9","<a href=""https://www150.statcan.gc.ca/t1/tbl1/en/tv.action?pid=1810000401"">18-10-0004-01</a>"
"V41690973","Consumer Price Index, monthly, not seasonally adjusted","Monthly","Canada;All-items","November 1942","2002=100","9.0","<a href=""https://www150.statcan.gc.ca/t1/tbl1/en/tv.action?pid=1810000401"">18-10-0004-01</a>"
"V41690973","Consumer Price Index, monthly, not seasonally adjusted","Monthly","Canada;All-items","December 1942","2002=100","9.0","<a href=""https://www150.statcan.gc.ca/t1/tbl1/en/tv.action?pid=1810000401"">18-10-0004-01</a>"
"V41690973","Consumer Price Index, monthly, not seasonally adjusted","Monthly","Canada;All-items","January 1943","2002=100","8.8","<a href=""https://www150.statcan.gc.ca/t1/tbl1/en/tv.action?pid=1810000401"">18-10-0004-01</a>"
"V41690973","Consumer Price Index, monthly, not seasonally adjusted","Monthly","Canada;All-items","February 1943","2002=100","8.8","<a href=""https://www150.statcan.gc.ca/t1/tbl1/en/tv.action?pid=1810000401"">18-10-0004-01</a>"
"V41690973","Consumer Price Index, monthly, not seasonally adjusted","Monthly","Canada;All-items","March 1943","2002=100","8.8","<a href=""https://www150.statcan.gc.ca/t1/tbl1/en/tv.action?pid=1810000401"">18-10-0004-01</a>"
"V41690973","Consumer Price Index, monthly, not seasonally adjusted","Monthly","Canada;All-items","April 1943","2002=100","9.0","<a href=""https://www150.statcan.gc.ca/t1/tbl1/en/tv.action?pid=1810000401"">18-10-0004-01</a>"
"V41690973","Consumer Price Index, monthly, not seasonally adjusted","Monthly","Canada;All-items","May 1943","2002=100","9.0","<a href=""https://www150.statcan.gc.ca/t1/tbl1/en/tv.action?pid=1810000401"">18-10-0004-01</a>"
"V41690973","Consumer Price Index, monthly, not seasonally adjusted","Monthly","Canada;All-items","June 1943","2002=100","9.0","<a href=""https://www150.statcan.gc.ca/t1/tbl1/en/tv.action?pid=1810000401"">18-10-0004-01</a>"
"V41690973","Consumer Price Index, monthly, not seasonally adjusted","Monthly","Canada;All-items","July 1943","2002=100","9.1","<a href=""https://www150.statcan.gc.ca/t1/tbl1/en/tv.action?pid=1810000401"">18-10-0004-01</a>"
"V41690973","Consumer Price Index, monthly, not seasonally adjusted","Monthly","Canada;All-items","August 1943","2002=100","9.1","<a href=""https://www150.statcan.gc.ca/t1/tbl1/en/tv.action?pid=1810000401"">18-10-0004-01</a>"
"V41690973","Consumer Price Index, monthly, not seasonally adjusted","Monthly","Canada;All-items","September 1943","2002=100","9.2","<a href=""https://www150.statcan.gc.ca/t1/tbl1/en/tv.action?pid=1810000401"">18-10-0004-01</a>"
"V41690973","Consumer Price Index, monthly, not seasonally adjusted","Monthly","Canada;All-items","October 1943","2002=100","9.2","<a href=""https://www150.statcan.gc.ca/t1/tbl1/en/tv.action?pid=1810000401"">18-10-0004-01</a>"
"V41690973","Consumer Price Index, monthly, not seasonally adjusted","Monthly","Canada;All-items","November 1943","2002=100","9.2","<a href=""https://www150.statcan.gc.ca/t1/tbl1/en/tv.action?pid=1810000401"">18-10-0004-01</a>"
"V41690973","Consumer Price Index, monthly, not seasonally adjusted","Monthly","Canada;All-items","December 1943","2002=100","9.2","<a href=""https://www150.statcan.gc.ca/t1/tbl1/en/tv.action?pid=1810000401"">18-10-0004-01</a>"
"V41690973","Consumer Price Index, monthly, not seasonally adjusted","Monthly","Canada;All-items","January 1944","2002=100","9.1","<a href=""https://www150.statcan.gc.ca/t1/tbl1/en/tv.action?pid=1810000401"">18-10-0004-01</a>"
"V41690973","Consumer Price Index, monthly, not seasonally adjusted","Monthly","Canada;All-items","February 1944","2002=100","9.1","<a href=""https://www150.statcan.gc.ca/t1/tbl1/en/tv.action?pid=1810000401"">18-10-0004-01</a>"
"V41690973","Consumer Price Index, monthly, not seasonally adjusted","Monthly","Canada;All-items","March 1944","2002=100","9.1","<a href=""https://www150.statcan.gc.ca/t1/tbl1/en/tv.action?pid=1810000401"">18-10-0004-01</a>"
"V41690973","Consumer Price Index, monthly, not seasonally adjusted","Monthly","Canada;All-items","April 1944","2002=100","9.1","<a href=""https://www150.statcan.gc.ca/t1/tbl1/en/tv.action?pid=1810000401"">18-10-0004-01</a>"
"V41690973","Consumer Price Index, monthly, not seasonally adjusted","Monthly","Canada;All-items","May 1944","2002=100","9.1","<a href=""https://www150.statcan.gc.ca/t1/tbl1/en/tv.action?pid=1810000401"">18-10-0004-01</a>"
"V41690973","Consumer Price Index, monthly, not seasonally adjusted","Monthly","Canada;All-items","June 1944","2002=100","9.1","<a href=""https://www150.statcan.gc.ca/t1/tbl1/en/tv.action?pid=1810000401"">18-10-0004-01</a>"
"V41690973","Consumer Price Index, monthly, not seasonally adjusted","Monthly","Canada;All-items","July 1944","2002=100","9.1","<a href=""https://www150.statcan.gc.ca/t1/tbl1/en/tv.action?pid=1810000401"">18-10-0004-01</a>"
"V41690973","Consumer Price Index, monthly, not seasonally adjusted","Monthly","Canada;All-items","August 1944","2002=100","9.1","<a href=""https://www150.statcan.gc.ca/t1/tbl1/en/tv.action?pid=1810000401"">18-10-0004-01</a>"
"V41690973","Consumer Price Index, monthly, not seasonally adjusted","Monthly","Canada;All-items","September 1944","2002=100","9.1","<a href=""https://www150.statcan.gc.ca/t1/tbl1/en/tv.action?pid=1810000401"">18-10-0004-01</a>"
"V41690973","Consumer Price Index, monthly, not seasonally adjusted","Monthly","Canada;All-items","October 1944","2002=100","9.1","<a href=""https://www150.statcan.gc.ca/t1/tbl1/en/tv.action?pid=1810000401"">18-10-0004-01</a>"
"V41690973","Consumer Price Index, monthly, not seasonally adjusted","Monthly","Canada;All-items","November 1944","2002=100","9.1","<a href=""https://www150.statcan.gc.ca/t1/tbl1/en/tv.action?pid=1810000401"">18-10-0004-01</a>"
"V41690973","Consumer Price Index, monthly, not seasonally adjusted","Monthly","Canada;All-items","December 1944","2002=100","9.0","<a href=""https://www150.statcan.gc.ca/t1/tbl1/en/tv.action?pid=1810000401"">18-10-0004-01</a>"
"V41690973","Consumer Price Index, monthly, not seasonally adjusted","Monthly","Canada;All-items","January 1945","2002=100","9.0","<a href=""https://www150.statcan.gc.ca/t1/tbl1/en/tv.action?pid=1810000401"">18-10-0004-01</a>"
"V41690973","Consumer Price Index, monthly, not seasonally adjusted","Monthly","Canada;All-items","February 1945","2002=100","9.1","<a href=""https://www150.statcan.gc.ca/t1/tbl1/en/tv.action?pid=1810000401"">18-10-0004-01</a>"
"V41690973","Consumer Price Index, monthly, not seasonally adjusted","Monthly","Canada;All-items","March 1945","2002=100","9.1","<a href=""https://www150.statcan.gc.ca/t1/tbl1/en/tv.action?pid=1810000401"">18-10-0004-01</a>"
"V41690973","Consumer Price Index, monthly, not seasonally adjusted","Monthly","Canada;All-items","April 1945","2002=100","9.1","<a href=""https://www150.statcan.gc.ca/t1/tbl1/en/tv.action?pid=1810000401"">18-10-0004-01</a>"
"V41690973","Consumer Price Index, monthly, not seasonally adjusted","Monthly","Canada;All-items","May 1945","2002=100","9.1","<a href=""https://www150.statcan.gc.ca/t1/tbl1/en/tv.action?pid=1810000401"">18-10-0004-01</a>"
"V41690973","Consumer Price Index, monthly, not seasonally adjusted","Monthly","Canada;All-items","June 1945","2002=100","9.2","<a href=""https://www150.statcan.gc.ca/t1/tbl1/en/tv.action?pid=1810000401"">18-10-0004-01</a>"
"V41690973","Consumer Price Index, monthly, not seasonally adjusted","Monthly","Canada;All-items","July 1945","2002=100","9.2","<a href=""https://www150.statcan.gc.ca/t1/tbl1/en/tv.action?pid=1810000401"">18-10-0004-01</a>"
"V41690973","Consumer Price Index, monthly, not seasonally adjusted","Monthly","Canada;All-items","August 1945","2002=100","9.2","<a href=""https://www150.statcan.gc.ca/t1/tbl1/en/tv.action?pid=1810000401"">18-10-0004-01</a>"
"V41690973","Consumer Price Index, monthly, not seasonally adjusted","Monthly","Canada;All-items","September 1945","2002=100","9.2","<a href=""https://www150.statcan.gc.ca/t1/tbl1/en/tv.action?pid=1810000401"">18-10-0004-01</a>"
"V41690973","Consumer Price Index, monthly, not seasonally adjusted","Monthly","Canada;All-items","October 1945","2002=100","9.2","<a href=""https://www150.statcan.gc.ca/t1/tbl1/en/tv.action?pid=1810000401"">18-10-0004-01</a>"
"V41690973","Consumer Price Index, monthly, not seasonally adjusted","Monthly","Canada;All-items","November 1945","2002=100","9.2","<a href=""https://www150.statcan.gc.ca/t1/tbl1/en/tv.action?pid=1810000401"">18-10-0004-01</a>"
"V41690973","Consumer Price Index, monthly, not seasonally adjusted","Monthly","Canada;All-items","December 1945","2002=100","9.2","<a href=""https://www150.statcan.gc.ca/t1/tbl1/en/tv.action?pid=1810000401"">18-10-0004-01</a>"
"V41690973","Consumer Price Index, monthly, not seasonally adjusted","Monthly","Canada;All-items","January 1946","2002=100","9.2","<a href=""https://www150.statcan.gc.ca/t1/tbl1/en/tv.action?pid=1810000401"">18-10-0004-01</a>"
"V41690973","Consumer Price Index, monthly, not seasonally adjusted","Monthly","Canada;All-items","February 1946","2002=100","9.2","<a href=""https://www150.statcan.gc.ca/t1/tbl1/en/tv.action?pid=1810000401"">18-10-0004-01</a>"
"V41690973","Consumer Price Index, monthly, not seasonally adjusted","Monthly","Canada;All-items","March 1946","2002=100","9.2","<a href=""https://www150.statcan.gc.ca/t1/tbl1/en/tv.action?pid=1810000401"">18-10-0004-01</a>"
"V41690973","Consumer Price Index, monthly, not seasonally adjusted","Monthly","Canada;All-items","April 1946","2002=100","9.2","<a href=""https://www150.statcan.gc.ca/t1/tbl1/en/tv.action?pid=1810000401"">18-10-0004-01</a>"
"V41690973","Consumer Price Index, monthly, not seasonally adjusted","Monthly","Canada;All-items","May 1946","2002=100","9.2","<a href=""https://www150.statcan.gc.ca/t1/tbl1/en/tv.action?pid=1810000401"">18-10-0004-01</a>"
"V41690973","Consumer Price Index, monthly, not seasonally adjusted","Monthly","Canada;All-items","June 1946","2002=100","9.4","<a href=""https://www150.statcan.gc.ca/t1/tbl1/en/tv.action?pid=1810000401"">18-10-0004-01</a>"
"V41690973","Consumer Price Index, monthly, not seasonally adjusted","Monthly","Canada;All-items","July 1946","2002=100","9.5","<a href=""https://www150.statcan.gc.ca/t1/tbl1/en/tv.action?pid=1810000401"">18-10-0004-01</a>"
"V41690973","Consumer Price Index, monthly, not seasonally adjusted","Monthly","Canada;All-items","August 1946","2002=100","9.6","<a href=""https://www150.statcan.gc.ca/t1/tbl1/en/tv.action?pid=1810000401"">18-10-0004-01</a>"
"V41690973","Consumer Price Index, monthly, not seasonally adjusted","Monthly","Canada;All-items","September 1946","2002=100","9.6","<a href=""https://www150.statcan.gc.ca/t1/tbl1/en/tv.action?pid=1810000401"">18-10-0004-01</a>"
"V41690973","Consumer Price Index, monthly, not seasonally adjusted","Monthly","Canada;All-items","October 1946","2002=100","9.7","<a href=""https://www150.statcan.gc.ca/t1/tbl1/en/tv.action?pid=1810000401"">18-10-0004-01</a>"
"V41690973","Consumer Price Index, monthly, not seasonally adjusted","Monthly","Canada;All-items","November 1946","2002=100","9.7","<a href=""https://www150.statcan.gc.ca/t1/tbl1/en/tv.action?pid=1810000401"">18-10-0004-01</a>"
"V41690973","Consumer Price Index, monthly, not seasonally adjusted","Monthly","Canada;All-items","December 1946","2002=100","9.7","<a href=""https://www150.statcan.gc.ca/t1/tbl1/en/tv.action?pid=1810000401"">18-10-0004-01</a>"
"V41690973","Consumer Price Index, monthly, not seasonally adjusted","Monthly","Canada;All-items","January 1947","2002=100","9.7","<a href=""https://www150.statcan.gc.ca/t1/tbl1/en/tv.action?pid=1810000401"">18-10-0004-01</a>"
"V41690973","Consumer Price Index, monthly, not seasonally adjusted","Monthly","Canada;All-items","February 1947","2002=100","9.7","<a href=""https://www150.statcan.gc.ca/t1/tbl1/en/tv.action?pid=1810000401"">18-10-0004-01</a>"
"V41690973","Consumer Price Index, monthly, not seasonally adjusted","Monthly","Canada;All-items","March 1947","2002=100","9.8","<a href=""https://www150.statcan.gc.ca/t1/tbl1/en/tv.action?pid=1810000401"">18-10-0004-01</a>"
"V41690973","Consumer Price Index, monthly, not seasonally adjusted","Monthly","Canada;All-items","April 1947","2002=100","9.9","<a href=""https://www150.statcan.gc.ca/t1/tbl1/en/tv.action?pid=1810000401"">18-10-0004-01</a>"
"V41690973","Consumer Price Index, monthly, not seasonally adjusted","Monthly","Canada;All-items","May 1947","2002=100","10.1","<a href=""https://www150.statcan.gc.ca/t1/tbl1/en/tv.action?pid=1810000401"">18-10-0004-01</a>"
"V41690973","Consumer Price Index, monthly, not seasonally adjusted","Monthly","Canada;All-items","June 1947","2002=100","10.2","<a href=""https://www150.statcan.gc.ca/t1/tbl1/en/tv.action?pid=1810000401"">18-10-0004-01</a>"
"V41690973","Consumer Price Index, monthly, not seasonally adjusted","Monthly","Canada;All-items","July 1947","2002=100","10.3","<a href=""https://www150.statcan.gc.ca/t1/tbl1/en/tv.action?pid=1810000401"">18-10-0004-01</a>"
"V41690973","Consumer Price Index, monthly, not seasonally adjusted","Monthly","Canada;All-items","August 1947","2002=100","10.3","<a href=""https://www150.statcan.gc.ca/t1/tbl1/en/tv.action?pid=1810000401"">18-10-0004-01</a>"
"V41690973","Consumer Price Index, monthly, not seasonally adjusted","Monthly","Canada;All-items","September 1947","2002=100","10.6","<a href=""https://www150.statcan.gc.ca/t1/tbl1/en/tv.action?pid=1810000401"">18-10-0004-01</a>"
"V41690973","Consumer Price Index, monthly, not seasonally adjusted","Monthly","Canada;All-items","October 1947","2002=100","10.8","<a href=""https://www150.statcan.gc.ca/t1/tbl1/en/tv.action?pid=1810000401"">18-10-0004-01</a>"
"V41690973","Consumer Price Index, monthly, not seasonally adjusted","Monthly","Canada;All-items","November 1947","2002=100","10.9","<a href=""https://www150.statcan.gc.ca/t1/tbl1/en/tv.action?pid=1810000401"">18-10-0004-01</a>"
"V41690973","Consumer Price Index, monthly, not seasonally adjusted","Monthly","Canada;All-items","December 1947","2002=100","11.1","<a href=""https://www150.statcan.gc.ca/t1/tbl1/en/tv.action?pid=1810000401"">18-10-0004-01</a>"
"V41690973","Consumer Price Index, monthly, not seasonally adjusted","Monthly","Canada;All-items","January 1948","2002=100","11.2","<a href=""https://www150.statcan.gc.ca/t1/tbl1/en/tv.action?pid=1810000401"">18-10-0004-01</a>"
"V41690973","Consumer Price Index, monthly, not seasonally adjusted","Monthly","Canada;All-items","February 1948","2002=100","11.4","<a href=""https://www150.statcan.gc.ca/t1/tbl1/en/tv.action?pid=1810000401"">18-10-0004-01</a>"
"V41690973","Consumer Price Index, monthly, not seasonally adjusted","Monthly","Canada;All-items","March 1948","2002=100","11.4","<a href=""https://www150.statcan.gc.ca/t1/tbl1/en/tv.action?pid=1810000401"">18-10-0004-01</a>"
"V41690973","Consumer Price Index, monthly, not seasonally adjusted","Monthly","Canada;All-items","April 1948","2002=100","11.5","<a href=""https://www150.statcan.gc.ca/t1/tbl1/en/tv.action?pid=1810000401"">18-10-0004-01</a>"
"V41690973","Consumer Price Index, monthly, not seasonally adjusted","Monthly","Canada;All-items","May 1948","2002=100","11.6","<a href=""https://www150.statcan.gc.ca/t1/tbl1/en/tv.action?pid=1810000401"">18-10-0004-01</a>"
"V41690973","Consumer Price Index, monthly, not seasonally adjusted","Monthly","Canada;All-items","June 1948","2002=100","11.8","<a href=""https://www150.statcan.gc.ca/t1/tbl1/en/tv.action?pid=1810000401"">18-10-0004-01</a>"
"V41690973","Consumer Price Index, monthly, not seasonally adjusted","Monthly","Canada;All-items","July 1948","2002=100","11.8","<a href=""https://www150.statcan.gc.ca/t1/tbl1/en/tv.action?pid=1810000401"">18-10-0004-01</a>"
"V41690973","Consumer Price Index, monthly, not seasonally adjusted","Monthly","Canada;All-items","August 1948","2002=100","11.9","<a href=""https://www150.statcan.gc.ca/t1/tbl1/en/tv.action?pid=1810000401"">18-10-0004-01</a>"
"V41690973","Consumer Price Index, monthly, not seasonally adjusted","Monthly","Canada;All-items","September 1948","2002=100","12.1","<a href=""https://www150.statcan.gc.ca/t1/tbl1/en/tv.action?pid=1810000401"">18-10-0004-01</a>"
"V41690973","Consumer Price Index, monthly, not seasonally adjusted","Monthly","Canada;All-items","October 1948","2002=100","12.1","<a href=""https://www150.statcan.gc.ca/t1/tbl1/en/tv.action?pid=1810000401"">18-10-0004-01</a>"
"V41690973","Consumer Price Index, monthly, not seasonally adjusted","Monthly","Canada;All-items","November 1948","2002=100","12.1","<a href=""https://www150.statcan.gc.ca/t1/tbl1/en/tv.action?pid=1810000401"">18-10-0004-01</a>"
"V41690973","Consumer Price Index, monthly, not seasonally adjusted","Monthly","Canada;All-items","December 1948","2002=100","12.1","<a href=""https://www150.statcan.gc.ca/t1/tbl1/en/tv.action?pid=1810000401"">18-10-0004-01</a>"
"V41690973","Consumer Price Index, monthly, not seasonally adjusted","Monthly","Canada;All-items","January 1949","2002=100","12.1","<a href=""https://www150.statcan.gc.ca/t1/tbl1/en/tv.action?pid=1810000401"">18-10-0004-01</a>"
"V41690973","Consumer Price Index, monthly, not seasonally adjusted","Monthly","Canada;All-items","February 1949","2002=100","12.1","<a href=""https://www150.statcan.gc.ca/t1/tbl1/en/tv.action?pid=1810000401"">18-10-0004-01</a>"
"V41690973","Consumer Price Index, monthly, not seasonally adjusted","Monthly","Canada;All-items","March 1949","2002=100","12.1","<a href=""https://www150.statcan.gc.ca/t1/tbl1/en/tv.action?pid=1810000401"">18-10-0004-01</a>"
"V41690973","Consumer Price Index, monthly, not seasonally adjusted","Monthly","Canada;All-items","April 1949","2002=100","12.1","<a href=""https://www150.statcan.gc.ca/t1/tbl1/en/tv.action?pid=1810000401"">18-10-0004-01</a>"
"V41690973","Consumer Price Index, monthly, not seasonally adjusted","Monthly","Canada;All-items","May 1949","2002=100","12.1","<a href=""https://www150.statcan.gc.ca/t1/tbl1/en/tv.action?pid=1810000401"">18-10-0004-01</a>"
"V41690973","Consumer Price Index, monthly, not seasonally adjusted","Monthly","Canada;All-items","June 1949","2002=100","12.1","<a href=""https://www150.statcan.gc.ca/t1/tbl1/en/tv.action?pid=1810000401"">18-10-0004-01</a>"
"V41690973","Consumer Price Index, monthly, not seasonally adjusted","Monthly","Canada;All-items","July 1949","2002=100","12.1","<a href=""https://www150.statcan.gc.ca/t1/tbl1/en/tv.action?pid=1810000401"">18-10-0004-01</a>"
"V41690973","Consumer Price Index, monthly, not seasonally adjusted","Monthly","Canada;All-items","August 1949","2002=100","12.2","<a href=""https://www150.statcan.gc.ca/t1/tbl1/en/tv.action?pid=1810000401"">18-10-0004-01</a>"
"V41690973","Consumer Price Index, monthly, not seasonally adjusted","Monthly","Canada;All-items","September 1949","2002=100","12.2","<a href=""https://www150.statcan.gc.ca/t1/tbl1/en/tv.action?pid=1810000401"">18-10-0004-01</a>"
"V41690973","Consumer Price Index, monthly, not seasonally adjusted","Monthly","Canada;All-items","October 1949","2002=100","12.3","<a href=""https://www150.statcan.gc.ca/t1/tbl1/en/tv.action?pid=1810000401"">18-10-0004-01</a>"
"V41690973","Consumer Price Index, monthly, not seasonally adjusted","Monthly","Canada;All-items","November 1949","2002=100","12.3","<a href=""https://www150.statcan.gc.ca/t1/tbl1/en/tv.action?pid=1810000401"">18-10-0004-01</a>"
"V41690973","Consumer Price Index, monthly, not seasonally adjusted","Monthly","Canada;All-items","December 1949","2002=100","12.2","<a href=""https://www150.statcan.gc.ca/t1/tbl1/en/tv.action?pid=1810000401"">18-10-0004-01</a>"
"V41690973","Consumer Price Index, monthly, not seasonally adjusted","Monthly","Canada;All-items","January 1950","2002=100","12.1","<a href=""https://www150.statcan.gc.ca/t1/tbl1/en/tv.action?pid=1810000401"">18-10-0004-01</a>"
"V41690973","Consumer Price Index, monthly, not seasonally adjusted","Monthly","Canada;All-items","February 1950","2002=100","12.2","<a href=""https://www150.statcan.gc.ca/t1/tbl1/en/tv.action?pid=1810000401"">18-10-0004-01</a>"
"V41690973","Consumer Price Index, monthly, not seasonally adjusted","Monthly","Canada;All-items","March 1950","2002=100","12.3","<a href=""https://www150.statcan.gc.ca/t1/tbl1/en/tv.action?pid=1810000401"">18-10-0004-01</a>"
"V41690973","Consumer Price Index, monthly, not seasonally adjusted","Monthly","Canada;All-items","April 1950","2002=100","12.3","<a href=""https://www150.statcan.gc.ca/t1/tbl1/en/tv.action?pid=1810000401"">18-10-0004-01</a>"
"V41690973","Consumer Price Index, monthly, not seasonally adjusted","Monthly","Canada;All-items","May 1950","2002=100","12.3","<a href=""https://www150.statcan.gc.ca/t1/tbl1/en/tv.action?pid=1810000401"">18-10-0004-01</a>"
"V41690973","Consumer Price Index, monthly, not seasonally adjusted","Monthly","Canada;All-items","June 1950","2002=100","12.3","<a href=""https://www150.statcan.gc.ca/t1/tbl1/en/tv.action?pid=1810000401"">18-10-0004-01</a>"
"V41690973","Consumer Price Index, monthly, not seasonally adjusted","Monthly","Canada;All-items","July 1950","2002=100","12.4","<a href=""https://www150.statcan.gc.ca/t1/tbl1/en/tv.action?pid=1810000401"">18-10-0004-01</a>"
"V41690973","Consumer Price Index, monthly, not seasonally adjusted","Monthly","Canada;All-items","August 1950","2002=100","12.5","<a href=""https://www150.statcan.gc.ca/t1/tbl1/en/tv.action?pid=1810000401"">18-10-0004-01</a>"
"V41690973","Consumer Price Index, monthly, not seasonally adjusted","Monthly","Canada;All-items","September 1950","2002=100","12.7","<a href=""https://www150.statcan.gc.ca/t1/tbl1/en/tv.action?pid=1810000401"">18-10-0004-01</a>"
"V41690973","Consumer Price Index, monthly, not seasonally adjusted","Monthly","Canada;All-items","October 1950","2002=100","12.9","<a href=""https://www150.statcan.gc.ca/t1/tbl1/en/tv.action?pid=1810000401"">18-10-0004-01</a>"
"V41690973","Consumer Price Index, monthly, not seasonally adjusted","Monthly","Canada;All-items","November 1950","2002=100","12.9","<a href=""https://www150.statcan.gc.ca/t1/tbl1/en/tv.action?pid=1810000401"">18-10-0004-01</a>"
"V41690973","Consumer Price Index, monthly, not seasonally adjusted","Monthly","Canada;All-items","December 1950","2002=100","12.9","<a href=""https://www150.statcan.gc.ca/t1/tbl1/en/tv.action?pid=1810000401"">18-10-0004-01</a>"
"V41690973","Consumer Price Index, monthly, not seasonally adjusted","Monthly","Canada;All-items","January 1951","2002=100","13.0","<a href=""https://www150.statcan.gc.ca/t1/tbl1/en/tv.action?pid=1810000401"">18-10-0004-01</a>"
"V41690973","Consumer Price Index, monthly, not seasonally adjusted","Monthly","Canada;All-items","February 1951","2002=100","13.3","<a href=""https://www150.statcan.gc.ca/t1/tbl1/en/tv.action?pid=1810000401"">18-10-0004-01</a>"
"V41690973","Consumer Price Index, monthly, not seasonally adjusted","Monthly","Canada;All-items","March 1951","2002=100","13.4","<a href=""https://www150.statcan.gc.ca/t1/tbl1/en/tv.action?pid=1810000401"">18-10-0004-01</a>"
"V41690973","Consumer Price Index, monthly, not seasonally adjusted","Monthly","Canada;All-items","April 1951","2002=100","13.6","<a href=""https://www150.statcan.gc.ca/t1/tbl1/en/tv.action?pid=1810000401"">18-10-0004-01</a>"
"V41690973","Consumer Price Index, monthly, not seasonally adjusted","Monthly","Canada;All-items","May 1951","2002=100","13.6","<a href=""https://www150.statcan.gc.ca/t1/tbl1/en/tv.action?pid=1810000401"">18-10-0004-01</a>"
"V41690973","Consumer Price Index, monthly, not seasonally adjusted","Monthly","Canada;All-items","June 1951","2002=100","13.9","<a href=""https://www150.statcan.gc.ca/t1/tbl1/en/tv.action?pid=1810000401"">18-10-0004-01</a>"
"V41690973","Consumer Price Index, monthly, not seasonally adjusted","Monthly","Canada;All-items","July 1951","2002=100","13.9","<a href=""https://www150.statcan.gc.ca/t1/tbl1/en/tv.action?pid=1810000401"">18-10-0004-01</a>"
"V41690973","Consumer Price Index, monthly, not seasonally adjusted","Monthly","Canada;All-items","August 1951","2002=100","14.0","<a href=""https://www150.statcan.gc.ca/t1/tbl1/en/tv.action?pid=1810000401"">18-10-0004-01</a>"
"V41690973","Consumer Price Index, monthly, not seasonally adjusted","Monthly","Canada;All-items","September 1951","2002=100","14.1","<a href=""https://www150.statcan.gc.ca/t1/tbl1/en/tv.action?pid=1810000401"">18-10-0004-01</a>"
"V41690973","Consumer Price Index, monthly, not seasonally adjusted","Monthly","Canada;All-items","October 1951","2002=100","14.2","<a href=""https://www150.statcan.gc.ca/t1/tbl1/en/tv.action?pid=1810000401"">18-10-0004-01</a>"
"V41690973","Consumer Price Index, monthly, not seasonally adjusted","Monthly","Canada;All-items","November 1951","2002=100","14.3","<a href=""https://www150.statcan.gc.ca/t1/tbl1/en/tv.action?pid=1810000401"">18-10-0004-01</a>"
"V41690973","Consumer Price Index, monthly, not seasonally adjusted","Monthly","Canada;All-items","December 1951","2002=100","14.3","<a href=""https://www150.statcan.gc.ca/t1/tbl1/en/tv.action?pid=1810000401"">18-10-0004-01</a>"
"V41690973","Consumer Price Index, monthly, not seasonally adjusted","Monthly","Canada;All-items","January 1952","2002=100","14.4","<a href=""https://www150.statcan.gc.ca/t1/tbl1/en/tv.action?pid=1810000401"">18-10-0004-01</a>"
"V41690973","Consumer Price Index, monthly, not seasonally adjusted","Monthly","Canada;All-items","February 1952","2002=100","14.3","<a href=""https://www150.statcan.gc.ca/t1/tbl1/en/tv.action?pid=1810000401"">18-10-0004-01</a>"
"V41690973","Consumer Price Index, monthly, not seasonally adjusted","Monthly","Canada;All-items","March 1952","2002=100","14.2","<a href=""https://www150.statcan.gc.ca/t1/tbl1/en/tv.action?pid=1810000401"">18-10-0004-01</a>"
"V41690973","Consumer Price Index, monthly, not seasonally adjusted","Monthly","Canada;All-items","April 1952","2002=100","14.2","<a href=""https://www150.statcan.gc.ca/t1/tbl1/en/tv.action?pid=1810000401"">18-10-0004-01</a>"
"V41690973","Consumer Price Index, monthly, not seasonally adjusted","Monthly","Canada;All-items","May 1952","2002=100","14.1","<a href=""https://www150.statcan.gc.ca/t1/tbl1/en/tv.action?pid=1810000401"">18-10-0004-01</a>"
"V41690973","Consumer Price Index, monthly, not seasonally adjusted","Monthly","Canada;All-items","June 1952","2002=100","14.1","<a href=""https://www150.statcan.gc.ca/t1/tbl1/en/tv.action?pid=1810000401"">18-10-0004-01</a>"
"V41690973","Consumer Price Index, monthly, not seasonally adjusted","Monthly","Canada;All-items","July 1952","2002=100","14.1","<a href=""https://www150.statcan.gc.ca/t1/tbl1/en/tv.action?pid=1810000401"">18-10-0004-01</a>"
"V41690973","Consumer Price Index, monthly, not seasonally adjusted","Monthly","Canada;All-items","August 1952","2002=100","14.1","<a href=""https://www150.statcan.gc.ca/t1/tbl1/en/tv.action?pid=1810000401"">18-10-0004-01</a>"
"V41690973","Consumer Price Index, monthly, not seasonally adjusted","Monthly","Canada;All-items","September 1952","2002=100","14.1","<a href=""https://www150.statcan.gc.ca/t1/tbl1/en/tv.action?pid=1810000401"">18-10-0004-01</a>"
"V41690973","Consumer Price Index, monthly, not seasonally adjusted","Monthly","Canada;All-items","October 1952","2002=100","14.1","<a href=""https://www150.statcan.gc.ca/t1/tbl1/en/tv.action?pid=1810000401"">18-10-0004-01</a>"
"V41690973","Consumer Price Index, monthly, not seasonally adjusted","Monthly","Canada;All-items","November 1952","2002=100","14.1","<a href=""https://www150.statcan.gc.ca/t1/tbl1/en/tv.action?pid=1810000401"">18-10-0004-01</a>"
"V41690973","Consumer Price Index, monthly, not seasonally adjusted","Monthly","Canada;All-items","December 1952","2002=100","14.1","<a href=""https://www150.statcan.gc.ca/t1/tbl1/en/tv.action?pid=1810000401"">18-10-0004-01</a>"
"V41690973","Consumer Price Index, monthly, not seasonally adjusted","Monthly","Canada;All-items","January 1953","2002=100","14.1","<a href=""https://www150.statcan.gc.ca/t1/tbl1/en/tv.action?pid=1810000401"">18-10-0004-01</a>"
"V41690973","Consumer Price Index, monthly, not seasonally adjusted","Monthly","Canada;All-items","February 1953","2002=100","14.0","<a href=""https://www150.statcan.gc.ca/t1/tbl1/en/tv.action?pid=1810000401"">18-10-0004-01</a>"
"V41690973","Consumer Price Index, monthly, not seasonally adjusted","Monthly","Canada;All-items","March 1953","2002=100","13.9","<a href=""https://www150.statcan.gc.ca/t1/tbl1/en/tv.action?pid=1810000401"">18-10-0004-01</a>"
"V41690973","Consumer Price Index, monthly, not seasonally adjusted","Monthly","Canada;All-items","April 1953","2002=100","13.9","<a href=""https://www150.statcan.gc.ca/t1/tbl1/en/tv.action?pid=1810000401"">18-10-0004-01</a>"
"V41690973","Consumer Price Index, monthly, not seasonally adjusted","Monthly","Canada;All-items","May 1953","2002=100","13.9","<a href=""https://www150.statcan.gc.ca/t1/tbl1/en/tv.action?pid=1810000401"">18-10-0004-01</a>"
"V41690973","Consumer Price Index, monthly, not seasonally adjusted","Monthly","Canada;All-items","June 1953","2002=100","13.9","<a href=""https://www150.statcan.gc.ca/t1/tbl1/en/tv.action?pid=1810000401"">18-10-0004-01</a>"
"V41690973","Consumer Price Index, monthly, not seasonally adjusted","Monthly","Canada;All-items","July 1953","2002=100","13.9","<a href=""https://www150.statcan.gc.ca/t1/tbl1/en/tv.action?pid=1810000401"">18-10-0004-01</a>"
"V41690973","Consumer Price Index, monthly, not seasonally adjusted","Monthly","Canada;All-items","August 1953","2002=100","14.1","<a href=""https://www150.statcan.gc.ca/t1/tbl1/en/tv.action?pid=1810000401"">18-10-0004-01</a>"
"V41690973","Consumer Price Index, monthly, not seasonally adjusted","Monthly","Canada;All-items","September 1953","2002=100","14.1","<a href=""https://www150.statcan.gc.ca/t1/tbl1/en/tv.action?pid=1810000401"">18-10-0004-01</a>"
"V41690973","Consumer Price Index, monthly, not seasonally adjusted","Monthly","Canada;All-items","October 1953","2002=100","14.2","<a href=""https://www150.statcan.gc.ca/t1/tbl1/en/tv.action?pid=1810000401"">18-10-0004-01</a>"
"V41690973","Consumer Price Index, monthly, not seasonally adjusted","Monthly","Canada;All-items","November 1953","2002=100","14.1","<a href=""https://www150.statcan.gc.ca/t1/tbl1/en/tv.action?pid=1810000401"">18-10-0004-01</a>"
"V41690973","Consumer Price Index, monthly, not seasonally adjusted","Monthly","Canada;All-items","December 1953","2002=100","14.1","<a href=""https://www150.statcan.gc.ca/t1/tbl1/en/tv.action?pid=1810000401"">18-10-0004-01</a>"
"V41690973","Consumer Price Index, monthly, not seasonally adjusted","Monthly","Canada;All-items","January 1954","2002=100","14.1","<a href=""https://www150.statcan.gc.ca/t1/tbl1/en/tv.action?pid=1810000401"">18-10-0004-01</a>"
"V41690973","Consumer Price Index, monthly, not seasonally adjusted","Monthly","Canada;All-items","February 1954","2002=100","14.1","<a href=""https://www150.statcan.gc.ca/t1/tbl1/en/tv.action?pid=1810000401"">18-10-0004-01</a>"
"V41690973","Consumer Price Index, monthly, not seasonally adjusted","Monthly","Canada;All-items","March 1954","2002=100","14.0","<a href=""https://www150.statcan.gc.ca/t1/tbl1/en/tv.action?pid=1810000401"">18-10-0004-01</a>"
"V41690973","Consumer Price Index, monthly, not seasonally adjusted","Monthly","Canada;All-items","April 1954","2002=100","14.0","<a href=""https://www150.statcan.gc.ca/t1/tbl1/en/tv.action?pid=1810000401"">18-10-0004-01</a>"
"V41690973","Consumer Price Index, monthly, not seasonally adjusted","Monthly","Canada;All-items","May 1954","2002=100","14.0","<a href=""https://www150.statcan.gc.ca/t1/tbl1/en/tv.action?pid=1810000401"">18-10-0004-01</a>"
"V41690973","Consumer Price Index, monthly, not seasonally adjusted","Monthly","Canada;All-items","June 1954","2002=100","14.1","<a href=""https://www150.statcan.gc.ca/t1/tbl1/en/tv.action?pid=1810000401"">18-10-0004-01</a>"
"V41690973","Consumer Price Index, monthly, not seasonally adjusted","Monthly","Canada;All-items","July 1954","2002=100","14.1","<a href=""https://www150.statcan.gc.ca/t1/tbl1/en/tv.action?pid=1810000401"">18-10-0004-01</a>"
"V41690973","Consumer Price Index, monthly, not seasonally adjusted","Monthly","Canada;All-items","August 1954","2002=100","14.2","<a href=""https://www150.statcan.gc.ca/t1/tbl1/en/tv.action?pid=1810000401"">18-10-0004-01</a>"
"V41690973","Consumer Price Index, monthly, not seasonally adjusted","Monthly","Canada;All-items","September 1954","2002=100","14.2","<a href=""https://www150.statcan.gc.ca/t1/tbl1/en/tv.action?pid=1810000401"">18-10-0004-01</a>"
"V41690973","Consumer Price Index, monthly, not seasonally adjusted","Monthly","Canada;All-items","October 1954","2002=100","14.2","<a href=""https://www150.statcan.gc.ca/t1/tbl1/en/tv.action?pid=1810000401"">18-10-0004-01</a>"
"V41690973","Consumer Price Index, monthly, not seasonally adjusted","Monthly","Canada;All-items","November 1954","2002=100","14.2","<a href=""https://www150.statcan.gc.ca/t1/tbl1/en/tv.action?pid=1810000401"">18-10-0004-01</a>"
"V41690973","Consumer Price Index, monthly, not seasonally adjusted","Monthly","Canada;All-items","December 1954","2002=100","14.1","<a href=""https://www150.statcan.gc.ca/t1/tbl1/en/tv.action?pid=1810000401"">18-10-0004-01</a>"
"V41690973","Consumer Price Index, monthly, not seasonally adjusted","Monthly","Canada;All-items","January 1955","2002=100","14.1","<a href=""https://www150.statcan.gc.ca/t1/tbl1/en/tv.action?pid=1810000401"">18-10-0004-01</a>"
"V41690973","Consumer Price Index, monthly, not seasonally adjusted","Monthly","Canada;All-items","February 1955","2002=100","14.1","<a href=""https://www150.statcan.gc.ca/t1/tbl1/en/tv.action?pid=1810000401"">18-10-0004-01</a>"
"V41690973","Consumer Price Index, monthly, not seasonally adjusted","Monthly","Canada;All-items","March 1955","2002=100","14.1","<a href=""https://www150.statcan.gc.ca/t1/tbl1/en/tv.action?pid=1810000401"">18-10-0004-01</a>"
"V41690973","Consumer Price Index, monthly, not seasonally adjusted","Monthly","Canada;All-items","April 1955","2002=100","14.1","<a href=""https://www150.statcan.gc.ca/t1/tbl1/en/tv.action?pid=1810000401"">18-10-0004-01</a>"
"V41690973","Consumer Price Index, monthly, not seasonally adjusted","Monthly","Canada;All-items","May 1955","2002=100","14.1","<a href=""https://www150.statcan.gc.ca/t1/tbl1/en/tv.action?pid=1810000401"">18-10-0004-01</a>"
"V41690973","Consumer Price Index, monthly, not seasonally adjusted","Monthly","Canada;All-items","June 1955","2002=100","14.1","<a href=""https://www150.statcan.gc.ca/t1/tbl1/en/tv.action?pid=1810000401"">18-10-0004-01</a>"
"V41690973","Consumer Price Index, monthly, not seasonally adjusted","Monthly","Canada;All-items","July 1955","2002=100","14.1","<a href=""https://www150.statcan.gc.ca/t1/tbl1/en/tv.action?pid=1810000401"">18-10-0004-01</a>"
"V41690973","Consumer Price Index, monthly, not seasonally adjusted","Monthly","Canada;All-items","August 1955","2002=100","14.1","<a href=""https://www150.statcan.gc.ca/t1/tbl1/en/tv.action?pid=1810000401"">18-10-0004-01</a>"
"V41690973","Consumer Price Index, monthly, not seasonally adjusted","Monthly","Canada;All-items","September 1955","2002=100","14.2","<a href=""https://www150.statcan.gc.ca/t1/tbl1/en/tv.action?pid=1810000401"">18-10-0004-01</a>"
"V41690973","Consumer Price Index, monthly, not seasonally adjusted","Monthly","Canada;All-items","October 1955","2002=100","14.2","<a href=""https://www150.statcan.gc.ca/t1/tbl1/en/tv.action?pid=1810000401"">18-10-0004-01</a>"
"V41690973","Consumer Price Index, monthly, not seasonally adjusted","Monthly","Canada;All-items","November 1955","2002=100","14.2","<a href=""https://www150.statcan.gc.ca/t1/tbl1/en/tv.action?pid=1810000401"">18-10-0004-01</a>"
"V41690973","Consumer Price Index, monthly, not seasonally adjusted","Monthly","Canada;All-items","December 1955","2002=100","14.2","<a href=""https://www150.statcan.gc.ca/t1/tbl1/en/tv.action?pid=1810000401"">18-10-0004-01</a>"
"V41690973","Consumer Price Index, monthly, not seasonally adjusted","Monthly","Canada;All-items","January 1956","2002=100","14.2","<a href=""https://www150.statcan.gc.ca/t1/tbl1/en/tv.action?pid=1810000401"">18-10-0004-01</a>"
"V41690973","Consumer Price Index, monthly, not seasonally adjusted","Monthly","Canada;All-items","February 1956","2002=100","14.1","<a href=""https://www150.statcan.gc.ca/t1/tbl1/en/tv.action?pid=1810000401"">18-10-0004-01</a>"
"V41690973","Consumer Price Index, monthly, not seasonally adjusted","Monthly","Canada;All-items","March 1956","2002=100","14.1","<a href=""https://www150.statcan.gc.ca/t1/tbl1/en/tv.action?pid=1810000401"">18-10-0004-01</a>"
"V41690973","Consumer Price Index, monthly, not seasonally adjusted","Monthly","Canada;All-items","April 1956","2002=100","14.1","<a href=""https://www150.statcan.gc.ca/t1/tbl1/en/tv.action?pid=1810000401"">18-10-0004-01</a>"
"V41690973","Consumer Price Index, monthly, not seasonally adjusted","Monthly","Canada;All-items","May 1956","2002=100","14.1","<a href=""https://www150.statcan.gc.ca/t1/tbl1/en/tv.action?pid=1810000401"">18-10-0004-01</a>"
"V41690973","Consumer Price Index, monthly, not seasonally adjusted","Monthly","Canada;All-items","June 1956","2002=100","14.3","<a href=""https://www150.statcan.gc.ca/t1/tbl1/en/tv.action?pid=1810000401"">18-10-0004-01</a>"
"V41690973","Consumer Price Index, monthly, not seasonally adjusted","Monthly","Canada;All-items","July 1956","2002=100","14.4","<a href=""https://www150.statcan.gc.ca/t1/tbl1/en/tv.action?pid=1810000401"">18-10-0004-01</a>"
"V41690973","Consumer Price Index, monthly, not seasonally adjusted","Monthly","Canada;All-items","August 1956","2002=100","14.5","<a href=""https://www150.statcan.gc.ca/t1/tbl1/en/tv.action?pid=1810000401"">18-10-0004-01</a>"
"V41690973","Consumer Price Index, monthly, not seasonally adjusted","Monthly","Canada;All-items","September 1956","2002=100","14.4","<a href=""https://www150.statcan.gc.ca/t1/tbl1/en/tv.action?pid=1810000401"">18-10-0004-01</a>"
"V41690973","Consumer Price Index, monthly, not seasonally adjusted","Monthly","Canada;All-items","October 1956","2002=100","14.5","<a href=""https://www150.statcan.gc.ca/t1/tbl1/en/tv.action?pid=1810000401"">18-10-0004-01</a>"
"V41690973","Consumer Price Index, monthly, not seasonally adjusted","Monthly","Canada;All-items","November 1956","2002=100","14.6","<a href=""https://www150.statcan.gc.ca/t1/tbl1/en/tv.action?pid=1810000401"">18-10-0004-01</a>"
"V41690973","Consumer Price Index, monthly, not seasonally adjusted","Monthly","Canada;All-items","December 1956","2002=100","14.6","<a href=""https://www150.statcan.gc.ca/t1/tbl1/en/tv.action?pid=1810000401"">18-10-0004-01</a>"
"V41690973","Consumer Price Index, monthly, not seasonally adjusted","Monthly","Canada;All-items","January 1957","2002=100","14.6","<a href=""https://www150.statcan.gc.ca/t1/tbl1/en/tv.action?pid=1810000401"">18-10-0004-01</a>"
"V41690973","Consumer Price Index, monthly, not seasonally adjusted","Monthly","Canada;All-items","February 1957","2002=100","14.6","<a href=""https://www150.statcan.gc.ca/t1/tbl1/en/tv.action?pid=1810000401"">18-10-0004-01</a>"
"V41690973","Consumer Price Index, monthly, not seasonally adjusted","Monthly","Canada;All-items","March 1957","2002=100","14.6","<a href=""https://www150.statcan.gc.ca/t1/tbl1/en/tv.action?pid=1810000401"">18-10-0004-01</a>"
"V41690973","Consumer Price Index, monthly, not seasonally adjusted","Monthly","Canada;All-items","April 1957","2002=100","14.7","<a href=""https://www150.statcan.gc.ca/t1/tbl1/en/tv.action?pid=1810000401"">18-10-0004-01</a>"
"V41690973","Consumer Price Index, monthly, not seasonally adjusted","Monthly","Canada;All-items","May 1957","2002=100","14.7","<a href=""https://www150.statcan.gc.ca/t1/tbl1/en/tv.action?pid=1810000401"">18-10-0004-01</a>"
"V41690973","Consumer Price Index, monthly, not seasonally adjusted","Monthly","Canada;All-items","June 1957","2002=100","14.8","<a href=""https://www150.statcan.gc.ca/t1/tbl1/en/tv.action?pid=1810000401"">18-10-0004-01</a>"
"V41690973","Consumer Price Index, monthly, not seasonally adjusted","Monthly","Canada;All-items","July 1957","2002=100","14.8","<a href=""https://www150.statcan.gc.ca/t1/tbl1/en/tv.action?pid=1810000401"">18-10-0004-01</a>"
"V41690973","Consumer Price Index, monthly, not seasonally adjusted","Monthly","Canada;All-items","August 1957","2002=100","14.9","<a href=""https://www150.statcan.gc.ca/t1/tbl1/en/tv.action?pid=1810000401"">18-10-0004-01</a>"
"V41690973","Consumer Price Index, monthly, not seasonally adjusted","Monthly","Canada;All-items","September 1957","2002=100","15.0","<a href=""https://www150.statcan.gc.ca/t1/tbl1/en/tv.action?pid=1810000401"">18-10-0004-01</a>"
"V41690973","Consumer Price Index, monthly, not seasonally adjusted","Monthly","Canada;All-items","October 1957","2002=100","15.0","<a href=""https://www150.statcan.gc.ca/t1/tbl1/en/tv.action?pid=1810000401"">18-10-0004-01</a>"
"V41690973","Consumer Price Index, monthly, not seasonally adjusted","Monthly","Canada;All-items","November 1957","2002=100","15.0","<a href=""https://www150.statcan.gc.ca/t1/tbl1/en/tv.action?pid=1810000401"">18-10-0004-01</a>"
"V41690973","Consumer Price Index, monthly, not seasonally adjusted","Monthly","Canada;All-items","December 1957","2002=100","14.9","<a href=""https://www150.statcan.gc.ca/t1/tbl1/en/tv.action?pid=1810000401"">18-10-0004-01</a>"
"V41690973","Consumer Price Index, monthly, not seasonally adjusted","Monthly","Canada;All-items","January 1958","2002=100","15.0","<a href=""https://www150.statcan.gc.ca/t1/tbl1/en/tv.action?pid=1810000401"">18-10-0004-01</a>"
"V41690973","Consumer Price Index, monthly, not seasonally adjusted","Monthly","Canada;All-items","February 1958","2002=100","15.0","<a href=""https://www150.statcan.gc.ca/t1/tbl1/en/tv.action?pid=1810000401"">18-10-0004-01</a>"
"V41690973","Consumer Price Index, monthly, not seasonally adjusted","Monthly","Canada;All-items","March 1958","2002=100","15.1","<a href=""https://www150.statcan.gc.ca/t1/tbl1/en/tv.action?pid=1810000401"">18-10-0004-01</a>"
"V41690973","Consumer Price Index, monthly, not seasonally adjusted","Monthly","Canada;All-items","April 1958","2002=100","15.1","<a href=""https://www150.statcan.gc.ca/t1/tbl1/en/tv.action?pid=1810000401"">18-10-0004-01</a>"
"V41690973","Consumer Price Index, monthly, not seasonally adjusted","Monthly","Canada;All-items","May 1958","2002=100","15.1","<a href=""https://www150.statcan.gc.ca/t1/tbl1/en/tv.action?pid=1810000401"">18-10-0004-01</a>"
"V41690973","Consumer Price Index, monthly, not seasonally adjusted","Monthly","Canada;All-items","June 1958","2002=100","15.1","<a href=""https://www150.statcan.gc.ca/t1/tbl1/en/tv.action?pid=1810000401"">18-10-0004-01</a>"
"V41690973","Consumer Price Index, monthly, not seasonally adjusted","Monthly","Canada;All-items","July 1958","2002=100","15.1","<a href=""https://www150.statcan.gc.ca/t1/tbl1/en/tv.action?pid=1810000401"">18-10-0004-01</a>"
"V41690973","Consumer Price Index, monthly, not seasonally adjusted","Monthly","Canada;All-items","August 1958","2002=100","15.1","<a href=""https://www150.statcan.gc.ca/t1/tbl1/en/tv.action?pid=1810000401"">18-10-0004-01</a>"
"V41690973","Consumer Price Index, monthly, not seasonally adjusted","Monthly","Canada;All-items","September 1958","2002=100","15.3","<a href=""https://www150.statcan.gc.ca/t1/tbl1/en/tv.action?pid=1810000401"">18-10-0004-01</a>"
"V41690973","Consumer Price Index, monthly, not seasonally adjusted","Monthly","Canada;All-items","October 1958","2002=100","15.3","<a href=""https://www150.statcan.gc.ca/t1/tbl1/en/tv.action?pid=1810000401"">18-10-0004-01</a>"
"V41690973","Consumer Price Index, monthly, not seasonally adjusted","Monthly","Canada;All-items","November 1958","2002=100","15.3","<a href=""https://www150.statcan.gc.ca/t1/tbl1/en/tv.action?pid=1810000401"">18-10-0004-01</a>"
"V41690973","Consumer Price Index, monthly, not seasonally adjusted","Monthly","Canada;All-items","December 1958","2002=100","15.3","<a href=""https://www150.statcan.gc.ca/t1/tbl1/en/tv.action?pid=1810000401"">18-10-0004-01</a>"
"V41690973","Consumer Price Index, monthly, not seasonally adjusted","Monthly","Canada;All-items","January 1959","2002=100","15.3","<a href=""https://www150.statcan.gc.ca/t1/tbl1/en/tv.action?pid=1810000401"">18-10-0004-01</a>"
"V41690973","Consumer Price Index, monthly, not seasonally adjusted","Monthly","Canada;All-items","February 1959","2002=100","15.3","<a href=""https://www150.statcan.gc.ca/t1/tbl1/en/tv.action?pid=1810000401"">18-10-0004-01</a>"
"V41690973","Consumer Price Index, monthly, not seasonally adjusted","Monthly","Canada;All-items","March 1959","2002=100","15.2","<a href=""https://www150.statcan.gc.ca/t1/tbl1/en/tv.action?pid=1810000401"">18-10-0004-01</a>"
"V41690973","Consumer Price Index, monthly, not seasonally adjusted","Monthly","Canada;All-items","April 1959","2002=100","15.2","<a href=""https://www150.statcan.gc.ca/t1/tbl1/en/tv.action?pid=1810000401"">18-10-0004-01</a>"
"V41690973","Consumer Price Index, monthly, not seasonally adjusted","Monthly","Canada;All-items","May 1959","2002=100","15.3","<a href=""https://www150.statcan.gc.ca/t1/tbl1/en/tv.action?pid=1810000401"">18-10-0004-01</a>"
"V41690973","Consumer Price Index, monthly, not seasonally adjusted","Monthly","Canada;All-items","June 1959","2002=100","15.1","<a href=""https://www150.statcan.gc.ca/t1/tbl1/en/tv.action?pid=1810000401"">18-10-0004-01</a>"
"V41690973","Consumer Price Index, monthly, not seasonally adjusted","Monthly","Canada;All-items","July 1959","2002=100","15.3","<a href=""https://www150.statcan.gc.ca/t1/tbl1/en/tv.action?pid=1810000401"">18-10-0004-01</a>"
"V41690973","Consumer Price Index, monthly, not seasonally adjusted","Monthly","Canada;All-items","August 1959","2002=100","15.3","<a href=""https://www150.statcan.gc.ca/t1/tbl1/en/tv.action?pid=1810000401"">18-10-0004-01</a>"
"V41690973","Consumer Price Index, monthly, not seasonally adjusted","Monthly","Canada;All-items","September 1959","2002=100","15.5","<a href=""https://www150.statcan.gc.ca/t1/tbl1/en/tv.action?pid=1810000401"">18-10-0004-01</a>"
"V41690973","Consumer Price Index, monthly, not seasonally adjusted","Monthly","Canada;All-items","October 1959","2002=100","15.5","<a href=""https://www150.statcan.gc.ca/t1/tbl1/en/tv.action?pid=1810000401"">18-10-0004-01</a>"
"V41690973","Consumer Price Index, monthly, not seasonally adjusted","Monthly","Canada;All-items","November 1959","2002=100","15.5","<a href=""https://www150.statcan.gc.ca/t1/tbl1/en/tv.action?pid=1810000401"">18-10-0004-01</a>"
"V41690973","Consumer Price Index, monthly, not seasonally adjusted","Monthly","Canada;All-items","December 1959","2002=100","15.5","<a href=""https://www150.statcan.gc.ca/t1/tbl1/en/tv.action?pid=1810000401"">18-10-0004-01</a>"
"V41690973","Consumer Price Index, monthly, not seasonally adjusted","Monthly","Canada;All-items","January 1960","2002=100","15.5","<a href=""https://www150.statcan.gc.ca/t1/tbl1/en/tv.action?pid=1810000401"">18-10-0004-01</a>"
"V41690973","Consumer Price Index, monthly, not seasonally adjusted","Monthly","Canada;All-items","February 1960","2002=100","15.5","<a href=""https://www150.statcan.gc.ca/t1/tbl1/en/tv.action?pid=1810000401"">18-10-0004-01</a>"
"V41690973","Consumer Price Index, monthly, not seasonally adjusted","Monthly","Canada;All-items","March 1960","2002=100","15.4","<a href=""https://www150.statcan.gc.ca/t1/tbl1/en/tv.action?pid=1810000401"">18-10-0004-01</a>"
"V41690973","Consumer Price Index, monthly, not seasonally adjusted","Monthly","Canada;All-items","April 1960","2002=100","15.5","<a href=""https://www150.statcan.gc.ca/t1/tbl1/en/tv.action?pid=1810000401"">18-10-0004-01</a>"
"V41690973","Consumer Price Index, monthly, not seasonally adjusted","Monthly","Canada;All-items","May 1960","2002=100","15.5","<a href=""https://www150.statcan.gc.ca/t1/tbl1/en/tv.action?pid=1810000401"">18-10-0004-01</a>"
"V41690973","Consumer Price Index, monthly, not seasonally adjusted","Monthly","Canada;All-items","June 1960","2002=100","15.5","<a href=""https://www150.statcan.gc.ca/t1/tbl1/en/tv.action?pid=1810000401"">18-10-0004-01</a>"
"V41690973","Consumer Price Index, monthly, not seasonally adjusted","Monthly","Canada;All-items","July 1960","2002=100","15.5","<a href=""https://www150.statcan.gc.ca/t1/tbl1/en/tv.action?pid=1810000401"">18-10-0004-01</a>"
"V41690973","Consumer Price Index, monthly, not seasonally adjusted","Monthly","Canada;All-items","August 1960","2002=100","15.5","<a href=""https://www150.statcan.gc.ca/t1/tbl1/en/tv.action?pid=1810000401"">18-10-0004-01</a>"
"V41690973","Consumer Price Index, monthly, not seasonally adjusted","Monthly","Canada;All-items","September 1960","2002=100","15.5","<a href=""https://www150.statcan.gc.ca/t1/tbl1/en/tv.action?pid=1810000401"">18-10-0004-01</a>"
"V41690973","Consumer Price Index, monthly, not seasonally adjusted","Monthly","Canada;All-items","October 1960","2002=100","15.7","<a href=""https://www150.statcan.gc.ca/t1/tbl1/en/tv.action?pid=1810000401"">18-10-0004-01</a>"
"V41690973","Consumer Price Index, monthly, not seasonally adjusted","Monthly","Canada;All-items","November 1960","2002=100","15.7","<a href=""https://www150.statcan.gc.ca/t1/tbl1/en/tv.action?pid=1810000401"">18-10-0004-01</a>"
"V41690973","Consumer Price Index, monthly, not seasonally adjusted","Monthly","Canada;All-items","December 1960","2002=100","15.7","<a href=""https://www150.statcan.gc.ca/t1/tbl1/en/tv.action?pid=1810000401"">18-10-0004-01</a>"
"V41690973","Consumer Price Index, monthly, not seasonally adjusted","Monthly","Canada;All-items","January 1961","2002=100","15.7","<a href=""https://www150.statcan.gc.ca/t1/tbl1/en/tv.action?pid=1810000401"">18-10-0004-01</a>"
"V41690973","Consumer Price Index, monthly, not seasonally adjusted","Monthly","Canada;All-items","February 1961","2002=100","15.7","<a href=""https://www150.statcan.gc.ca/t1/tbl1/en/tv.action?pid=1810000401"">18-10-0004-01</a>"
"V41690973","Consumer Price Index, monthly, not seasonally adjusted","Monthly","Canada;All-items","March 1961","2002=100","15.7","<a href=""https://www150.statcan.gc.ca/t1/tbl1/en/tv.action?pid=1810000401"">18-10-0004-01</a>"
"V41690973","Consumer Price Index, monthly, not seasonally adjusted","Monthly","Canada;All-items","April 1961","2002=100","15.7","<a href=""https://www150.statcan.gc.ca/t1/tbl1/en/tv.action?pid=1810000401"">18-10-0004-01</a>"
"V41690973","Consumer Price Index, monthly, not seasonally adjusted","Monthly","Canada;All-items","May 1961","2002=100","15.7","<a href=""https://www150.statcan.gc.ca/t1/tbl1/en/tv.action?pid=1810000401"">18-10-0004-01</a>"
"V41690973","Consumer Price Index, monthly, not seasonally adjusted","Monthly","Canada;All-items","June 1961","2002=100","15.7","<a href=""https://www150.statcan.gc.ca/t1/tbl1/en/tv.action?pid=1810000401"">18-10-0004-01</a>"
"V41690973","Consumer Price Index, monthly, not seasonally adjusted","Monthly","Canada;All-items","July 1961","2002=100","15.7","<a href=""https://www150.statcan.gc.ca/t1/tbl1/en/tv.action?pid=1810000401"">18-10-0004-01</a>"
"V41690973","Consumer Price Index, monthly, not seasonally adjusted","Monthly","Canada;All-items","August 1961","2002=100","15.7","<a href=""https://www150.statcan.gc.ca/t1/tbl1/en/tv.action?pid=1810000401"">18-10-0004-01</a>"
"V41690973","Consumer Price Index, monthly, not seasonally adjusted","Monthly","Canada;All-items","September 1961","2002=100","15.7","<a href=""https://www150.statcan.gc.ca/t1/tbl1/en/tv.action?pid=1810000401"">18-10-0004-01</a>"
"V41690973","Consumer Price Index, monthly, not seasonally adjusted","Monthly","Canada;All-items","October 1961","2002=100","15.7","<a href=""https://www150.statcan.gc.ca/t1/tbl1/en/tv.action?pid=1810000401"">18-10-0004-01</a>"
"V41690973","Consumer Price Index, monthly, not seasonally adjusted","Monthly","Canada;All-items","November 1961","2002=100","15.7","<a href=""https://www150.statcan.gc.ca/t1/tbl1/en/tv.action?pid=1810000401"">18-10-0004-01</a>"
"V41690973","Consumer Price Index, monthly, not seasonally adjusted","Monthly","Canada;All-items","December 1961","2002=100","15.7","<a href=""https://www150.statcan.gc.ca/t1/tbl1/en/tv.action?pid=1810000401"">18-10-0004-01</a>"
"V41690973","Consumer Price Index, monthly, not seasonally adjusted","Monthly","Canada;All-items","January 1962","2002=100","15.7","<a href=""https://www150.statcan.gc.ca/t1/tbl1/en/tv.action?pid=1810000401"">18-10-0004-01</a>"
"V41690973","Consumer Price Index, monthly, not seasonally adjusted","Monthly","Canada;All-items","February 1962","2002=100","15.7","<a href=""https://www150.statcan.gc.ca/t1/tbl1/en/tv.action?pid=1810000401"">18-10-0004-01</a>"
"V41690973","Consumer Price Index, monthly, not seasonally adjusted","Monthly","Canada;All-items","March 1962","2002=100","15.7","<a href=""https://www150.statcan.gc.ca/t1/tbl1/en/tv.action?pid=1810000401"">18-10-0004-01</a>"
"V41690973","Consumer Price Index, monthly, not seasonally adjusted","Monthly","Canada;All-items","April 1962","2002=100","15.8","<a href=""https://www150.statcan.gc.ca/t1/tbl1/en/tv.action?pid=1810000401"">18-10-0004-01</a>"
"V41690973","Consumer Price Index, monthly, not seasonally adjusted","Monthly","Canada;All-items","May 1962","2002=100","15.8","<a href=""https://www150.statcan.gc.ca/t1/tbl1/en/tv.action?pid=1810000401"">18-10-0004-01</a>"
"V41690973","Consumer Price Index, monthly, not seasonally adjusted","Monthly","Canada;All-items","June 1962","2002=100","15.9","<a href=""https://www150.statcan.gc.ca/t1/tbl1/en/tv.action?pid=1810000401"">18-10-0004-01</a>"
"V41690973","Consumer Price Index, monthly, not seasonally adjusted","Monthly","Canada;All-items","July 1962","2002=100","15.9","<a href=""https://www150.statcan.gc.ca/t1/tbl1/en/tv.action?pid=1810000401"">18-10-0004-01</a>"
"V41690973","Consumer Price Index, monthly, not seasonally adjusted","Monthly","Canada;All-items","August 1962","2002=100","16.0","<a href=""https://www150.statcan.gc.ca/t1/tbl1/en/tv.action?pid=1810000401"">18-10-0004-01</a>"
"V41690973","Consumer Price Index, monthly, not seasonally adjusted","Monthly","Canada;All-items","September 1962","2002=100","15.9","<a href=""https://www150.statcan.gc.ca/t1/tbl1/en/tv.action?pid=1810000401"">18-10-0004-01</a>"
"V41690973","Consumer Price Index, monthly, not seasonally adjusted","Monthly","Canada;All-items","October 1962","2002=100","16.0","<a href=""https://www150.statcan.gc.ca/t1/tbl1/en/tv.action?pid=1810000401"">18-10-0004-01</a>"
"V41690973","Consumer Price Index, monthly, not seasonally adjusted","Monthly","Canada;All-items","November 1962","2002=100","16.0","<a href=""https://www150.statcan.gc.ca/t1/tbl1/en/tv.action?pid=1810000401"">18-10-0004-01</a>"
"V41690973","Consumer Price Index, monthly, not seasonally adjusted","Monthly","Canada;All-items","December 1962","2002=100","16.0","<a href=""https://www150.statcan.gc.ca/t1/tbl1/en/tv.action?pid=1810000401"">18-10-0004-01</a>"
"V41690973","Consumer Price Index, monthly, not seasonally adjusted","Monthly","Canada;All-items","January 1963","2002=100","16.0","<a href=""https://www150.statcan.gc.ca/t1/tbl1/en/tv.action?pid=1810000401"">18-10-0004-01</a>"
"V41690973","Consumer Price Index, monthly, not seasonally adjusted","Monthly","Canada;All-items","February 1963","2002=100","16.0","<a href=""https://www150.statcan.gc.ca/t1/tbl1/en/tv.action?pid=1810000401"">18-10-0004-01</a>"
"V41690973","Consumer Price Index, monthly, not seasonally adjusted","Monthly","Canada;All-items","March 1963","2002=100","16.0","<a href=""https://www150.statcan.gc.ca/t1/tbl1/en/tv.action?pid=1810000401"">18-10-0004-01</a>"
"V41690973","Consumer Price Index, monthly, not seasonally adjusted","Monthly","Canada;All-items","April 1963","2002=100","16.0","<a href=""https://www150.statcan.gc.ca/t1/tbl1/en/tv.action?pid=1810000401"">18-10-0004-01</a>"
"V41690973","Consumer Price Index, monthly, not seasonally adjusted","Monthly","Canada;All-items","May 1963","2002=100","16.0","<a href=""https://www150.statcan.gc.ca/t1/tbl1/en/tv.action?pid=1810000401"">18-10-0004-01</a>"
"V41690973","Consumer Price Index, monthly, not seasonally adjusted","Monthly","Canada;All-items","June 1963","2002=100","16.0","<a href=""https://www150.statcan.gc.ca/t1/tbl1/en/tv.action?pid=1810000401"">18-10-0004-01</a>"
"V41690973","Consumer Price Index, monthly, not seasonally adjusted","Monthly","Canada;All-items","July 1963","2002=100","16.2","<a href=""https://www150.statcan.gc.ca/t1/tbl1/en/tv.action?pid=1810000401"">18-10-0004-01</a>"
"V41690973","Consumer Price Index, monthly, not seasonally adjusted","Monthly","Canada;All-items","August 1963","2002=100","16.3","<a href=""https://www150.statcan.gc.ca/t1/tbl1/en/tv.action?pid=1810000401"">18-10-0004-01</a>"
"V41690973","Consumer Price Index, monthly, not seasonally adjusted","Monthly","Canada;All-items","September 1963","2002=100","16.2","<a href=""https://www150.statcan.gc.ca/t1/tbl1/en/tv.action?pid=1810000401"">18-10-0004-01</a>"
"V41690973","Consumer Price Index, monthly, not seasonally adjusted","Monthly","Canada;All-items","October 1963","2002=100","16.2","<a href=""https://www150.statcan.gc.ca/t1/tbl1/en/tv.action?pid=1810000401"">18-10-0004-01</a>"
"V41690973","Consumer Price Index, monthly, not seasonally adjusted","Monthly","Canada;All-items","November 1963","2002=100","16.3","<a href=""https://www150.statcan.gc.ca/t1/tbl1/en/tv.action?pid=1810000401"">18-10-0004-01</a>"
"V41690973","Consumer Price Index, monthly, not seasonally adjusted","Monthly","Canada;All-items","December 1963","2002=100","16.3","<a href=""https://www150.statcan.gc.ca/t1/tbl1/en/tv.action?pid=1810000401"">18-10-0004-01</a>"
"V41690973","Consumer Price Index, monthly, not seasonally adjusted","Monthly","Canada;All-items","January 1964","2002=100","16.3","<a href=""https://www150.statcan.gc.ca/t1/tbl1/en/tv.action?pid=1810000401"">18-10-0004-01</a>"
"V41690973","Consumer Price Index, monthly, not seasonally adjusted","Monthly","Canada;All-items","February 1964","2002=100","16.3","<a href=""https://www150.statcan.gc.ca/t1/tbl1/en/tv.action?pid=1810000401"">18-10-0004-01</a>"
"V41690973","Consumer Price Index, monthly, not seasonally adjusted","Monthly","Canada;All-items","March 1964","2002=100","16.3","<a href=""https://www150.statcan.gc.ca/t1/tbl1/en/tv.action?pid=1810000401"">18-10-0004-01</a>"
"V41690973","Consumer Price Index, monthly, not seasonally adjusted","Monthly","Canada;All-items","April 1964","2002=100","16.4","<a href=""https://www150.statcan.gc.ca/t1/tbl1/en/tv.action?pid=1810000401"">18-10-0004-01</a>"
"V41690973","Consumer Price Index, monthly, not seasonally adjusted","Monthly","Canada;All-items","May 1964","2002=100","16.4","<a href=""https://www150.statcan.gc.ca/t1/tbl1/en/tv.action?pid=1810000401"">18-10-0004-01</a>"
"V41690973","Consumer Price Index, monthly, not seasonally adjusted","Monthly","Canada;All-items","June 1964","2002=100","16.4","<a href=""https://www150.statcan.gc.ca/t1/tbl1/en/tv.action?pid=1810000401"">18-10-0004-01</a>"
"V41690973","Consumer Price Index, monthly, not seasonally adjusted","Monthly","Canada;All-items","July 1964","2002=100","16.5","<a href=""https://www150.statcan.gc.ca/t1/tbl1/en/tv.action?pid=1810000401"">18-10-0004-01</a>"
"V41690973","Consumer Price Index, monthly, not seasonally adjusted","Monthly","Canada;All-items","August 1964","2002=100","16.5","<a href=""https://www150.statcan.gc.ca/t1/tbl1/en/tv.action?pid=1810000401"">18-10-0004-01</a>"
"V41690973","Consumer Price Index, monthly, not seasonally adjusted","Monthly","Canada;All-items","September 1964","2002=100","16.5","<a href=""https://www150.statcan.gc.ca/t1/tbl1/en/tv.action?pid=1810000401"">18-10-0004-01</a>"
"V41690973","Consumer Price Index, monthly, not seasonally adjusted","Monthly","Canada;All-items","October 1964","2002=100","16.5","<a href=""https://www150.statcan.gc.ca/t1/tbl1/en/tv.action?pid=1810000401"">18-10-0004-01</a>"
"V41690973","Consumer Price Index, monthly, not seasonally adjusted","Monthly","Canada;All-items","November 1964","2002=100","16.5","<a href=""https://www150.statcan.gc.ca/t1/tbl1/en/tv.action?pid=1810000401"">18-10-0004-01</a>"
"V41690973","Consumer Price Index, monthly, not seasonally adjusted","Monthly","Canada;All-items","December 1964","2002=100","16.6","<a href=""https://www150.statcan.gc.ca/t1/tbl1/en/tv.action?pid=1810000401"">18-10-0004-01</a>"
"V41690973","Consumer Price Index, monthly, not seasonally adjusted","Monthly","Canada;All-items","January 1965","2002=100","16.6","<a href=""https://www150.statcan.gc.ca/t1/tbl1/en/tv.action?pid=1810000401"">18-10-0004-01</a>"
"V41690973","Consumer Price Index, monthly, not seasonally adjusted","Monthly","Canada;All-items","February 1965","2002=100","16.6","<a href=""https://www150.statcan.gc.ca/t1/tbl1/en/tv.action?pid=1810000401"">18-10-0004-01</a>"
"V41690973","Consumer Price Index, monthly, not seasonally adjusted","Monthly","Canada;All-items","March 1965","2002=100","16.6","<a href=""https://www150.statcan.gc.ca/t1/tbl1/en/tv.action?pid=1810000401"">18-10-0004-01</a>"
"V41690973","Consumer Price Index, monthly, not seasonally adjusted","Monthly","Canada;All-items","April 1965","2002=100","16.7","<a href=""https://www150.statcan.gc.ca/t1/tbl1/en/tv.action?pid=1810000401"">18-10-0004-01</a>"
"V41690973","Consumer Price Index, monthly, not seasonally adjusted","Monthly","Canada;All-items","May 1965","2002=100","16.7","<a href=""https://www150.statcan.gc.ca/t1/tbl1/en/tv.action?pid=1810000401"">18-10-0004-01</a>"
"V41690973","Consumer Price Index, monthly, not seasonally adjusted","Monthly","Canada;All-items","June 1965","2002=100","16.9","<a href=""https://www150.statcan.gc.ca/t1/tbl1/en/tv.action?pid=1810000401"">18-10-0004-01</a>"
"V41690973","Consumer Price Index, monthly, not seasonally adjusted","Monthly","Canada;All-items","July 1965","2002=100","16.9","<a href=""https://www150.statcan.gc.ca/t1/tbl1/en/tv.action?pid=1810000401"">18-10-0004-01</a>"
"V41690973","Consumer Price Index, monthly, not seasonally adjusted","Monthly","Canada;All-items","August 1965","2002=100","16.9","<a href=""https://www150.statcan.gc.ca/t1/tbl1/en/tv.action?pid=1810000401"">18-10-0004-01</a>"
"V41690973","Consumer Price Index, monthly, not seasonally adjusted","Monthly","Canada;All-items","September 1965","2002=100","16.9","<a href=""https://www150.statcan.gc.ca/t1/tbl1/en/tv.action?pid=1810000401"">18-10-0004-01</a>"
"V41690973","Consumer Price Index, monthly, not seasonally adjusted","Monthly","Canada;All-items","October 1965","2002=100","16.9","<a href=""https://www150.statcan.gc.ca/t1/tbl1/en/tv.action?pid=1810000401"">18-10-0004-01</a>"
"V41690973","Consumer Price Index, monthly, not seasonally adjusted","Monthly","Canada;All-items","November 1965","2002=100","17.0","<a href=""https://www150.statcan.gc.ca/t1/tbl1/en/tv.action?pid=1810000401"">18-10-0004-01</a>"
"V41690973","Consumer Price Index, monthly, not seasonally adjusted","Monthly","Canada;All-items","December 1965","2002=100","17.1","<a href=""https://www150.statcan.gc.ca/t1/tbl1/en/tv.action?pid=1810000401"">18-10-0004-01</a>"
"V41690973","Consumer Price Index, monthly, not seasonally adjusted","Monthly","Canada;All-items","January 1966","2002=100","17.1","<a href=""https://www150.statcan.gc.ca/t1/tbl1/en/tv.action?pid=1810000401"">18-10-0004-01</a>"
"V41690973","Consumer Price Index, monthly, not seasonally adjusted","Monthly","Canada;All-items","February 1966","2002=100","17.2","<a href=""https://www150.statcan.gc.ca/t1/tbl1/en/tv.action?pid=1810000401"">18-10-0004-01</a>"
"V41690973","Consumer Price Index, monthly, not seasonally adjusted","Monthly","Canada;All-items","March 1966","2002=100","17.3","<a href=""https://www150.statcan.gc.ca/t1/tbl1/en/tv.action?pid=1810000401"">18-10-0004-01</a>"
"V41690973","Consumer Price Index, monthly, not seasonally adjusted","Monthly","Canada;All-items","April 1966","2002=100","17.4","<a href=""https://www150.statcan.gc.ca/t1/tbl1/en/tv.action?pid=1810000401"">18-10-0004-01</a>"
"V41690973","Consumer Price Index, monthly, not seasonally adjusted","Monthly","Canada;All-items","May 1966","2002=100","17.4","<a href=""https://www150.statcan.gc.ca/t1/tbl1/en/tv.action?pid=1810000401"">18-10-0004-01</a>"
"V41690973","Consumer Price Index, monthly, not seasonally adjusted","Monthly","Canada;All-items","June 1966","2002=100","17.5","<a href=""https://www150.statcan.gc.ca/t1/tbl1/en/tv.action?pid=1810000401"">18-10-0004-01</a>"
"V41690973","Consumer Price Index, monthly, not seasonally adjusted","Monthly","Canada;All-items","July 1966","2002=100","17.5","<a href=""https://www150.statcan.gc.ca/t1/tbl1/en/tv.action?pid=1810000401"">18-10-0004-01</a>"
"V41690973","Consumer Price Index, monthly, not seasonally adjusted","Monthly","Canada;All-items","August 1966","2002=100","17.6","<a href=""https://www150.statcan.gc.ca/t1/tbl1/en/tv.action?pid=1810000401"">18-10-0004-01</a>"
"V41690973","Consumer Price Index, monthly, not seasonally adjusted","Monthly","Canada;All-items","September 1966","2002=100","17.6","<a href=""https://www150.statcan.gc.ca/t1/tbl1/en/tv.action?pid=1810000401"">18-10-0004-01</a>"
"V41690973","Consumer Price Index, monthly, not seasonally adjusted","Monthly","Canada;All-items","October 1966","2002=100","17.6","<a href=""https://www150.statcan.gc.ca/t1/tbl1/en/tv.action?pid=1810000401"">18-10-0004-01</a>"
"V41690973","Consumer Price Index, monthly, not seasonally adjusted","Monthly","Canada;All-items","November 1966","2002=100","17.6","<a href=""https://www150.statcan.gc.ca/t1/tbl1/en/tv.action?pid=1810000401"">18-10-0004-01</a>"
"V41690973","Consumer Price Index, monthly, not seasonally adjusted","Monthly","Canada;All-items","December 1966","2002=100","17.7","<a href=""https://www150.statcan.gc.ca/t1/tbl1/en/tv.action?pid=1810000401"">18-10-0004-01</a>"
"V41690973","Consumer Price Index, monthly, not seasonally adjusted","Monthly","Canada;All-items","January 1967","2002=100","17.7","<a href=""https://www150.statcan.gc.ca/t1/tbl1/en/tv.action?pid=1810000401"">18-10-0004-01</a>"
"V41690973","Consumer Price Index, monthly, not seasonally adjusted","Monthly","Canada;All-items","February 1967","2002=100","17.7","<a href=""https://www150.statcan.gc.ca/t1/tbl1/en/tv.action?pid=1810000401"">18-10-0004-01</a>"
"V41690973","Consumer Price Index, monthly, not seasonally adjusted","Monthly","Canada;All-items","March 1967","2002=100","17.8","<a href=""https://www150.statcan.gc.ca/t1/tbl1/en/tv.action?pid=1810000401"">18-10-0004-01</a>"
"V41690973","Consumer Price Index, monthly, not seasonally adjusted","Monthly","Canada;All-items","April 1967","2002=100","17.9","<a href=""https://www150.statcan.gc.ca/t1/tbl1/en/tv.action?pid=1810000401"">18-10-0004-01</a>"
"V41690973","Consumer Price Index, monthly, not seasonally adjusted","Monthly","Canada;All-items","May 1967","2002=100","18.0","<a href=""https://www150.statcan.gc.ca/t1/tbl1/en/tv.action?pid=1810000401"">18-10-0004-01</a>"
"V41690973","Consumer Price Index, monthly, not seasonally adjusted","Monthly","Canada;All-items","June 1967","2002=100","18.1","<a href=""https://www150.statcan.gc.ca/t1/tbl1/en/tv.action?pid=1810000401"">18-10-0004-01</a>"
"V41690973","Consumer Price Index, monthly, not seasonally adjusted","Monthly","Canada;All-items","July 1967","2002=100","18.2","<a href=""https://www150.statcan.gc.ca/t1/tbl1/en/tv.action?pid=1810000401"">18-10-0004-01</a>"
"V41690973","Consumer Price Index, monthly, not seasonally adjusted","Monthly","Canada;All-items","August 1967","2002=100","18.3","<a href=""https://www150.statcan.gc.ca/t1/tbl1/en/tv.action?pid=1810000401"">18-10-0004-01</a>"
"V41690973","Consumer Price Index, monthly, not seasonally adjusted","Monthly","Canada;All-items","September 1967","2002=100","18.3","<a href=""https://www150.statcan.gc.ca/t1/tbl1/en/tv.action?pid=1810000401"">18-10-0004-01</a>"
"V41690973","Consumer Price Index, monthly, not seasonally adjusted","Monthly","Canada;All-items","October 1967","2002=100","18.3","<a href=""https://www150.statcan.gc.ca/t1/tbl1/en/tv.action?pid=1810000401"">18-10-0004-01</a>"
"V41690973","Consumer Price Index, monthly, not seasonally adjusted","Monthly","Canada;All-items","November 1967","2002=100","18.3","<a href=""https://www150.statcan.gc.ca/t1/tbl1/en/tv.action?pid=1810000401"">18-10-0004-01</a>"
"V41690973","Consumer Price Index, monthly, not seasonally adjusted","Monthly","Canada;All-items","December 1967","2002=100","18.4","<a href=""https://www150.statcan.gc.ca/t1/tbl1/en/tv.action?pid=1810000401"">18-10-0004-01</a>"
"V41690973","Consumer Price Index, monthly, not seasonally adjusted","Monthly","Canada;All-items","January 1968","2002=100","18.5","<a href=""https://www150.statcan.gc.ca/t1/tbl1/en/tv.action?pid=1810000401"">18-10-0004-01</a>"
"V41690973","Consumer Price Index, monthly, not seasonally adjusted","Monthly","Canada;All-items","February 1968","2002=100","18.5","<a href=""https://www150.statcan.gc.ca/t1/tbl1/en/tv.action?pid=1810000401"">18-10-0004-01</a>"
"V41690973","Consumer Price Index, monthly, not seasonally adjusted","Monthly","Canada;All-items","March 1968","2002=100","18.6","<a href=""https://www150.statcan.gc.ca/t1/tbl1/en/tv.action?pid=1810000401"">18-10-0004-01</a>"
"V41690973","Consumer Price Index, monthly, not seasonally adjusted","Monthly","Canada;All-items","April 1968","2002=100","18.6","<a href=""https://www150.statcan.gc.ca/t1/tbl1/en/tv.action?pid=1810000401"">18-10-0004-01</a>"
"V41690973","Consumer Price Index, monthly, not seasonally adjusted","Monthly","Canada;All-items","May 1968","2002=100","18.6","<a href=""https://www150.statcan.gc.ca/t1/tbl1/en/tv.action?pid=1810000401"">18-10-0004-01</a>"
"V41690973","Consumer Price Index, monthly, not seasonally adjusted","Monthly","Canada;All-items","June 1968","2002=100","18.7","<a href=""https://www150.statcan.gc.ca/t1/tbl1/en/tv.action?pid=1810000401"">18-10-0004-01</a>"
"V41690973","Consumer Price Index, monthly, not seasonally adjusted","Monthly","Canada;All-items","July 1968","2002=100","18.9","<a href=""https://www150.statcan.gc.ca/t1/tbl1/en/tv.action?pid=1810000401"">18-10-0004-01</a>"
"V41690973","Consumer Price Index, monthly, not seasonally adjusted","Monthly","Canada;All-items","August 1968","2002=100","19.0","<a href=""https://www150.statcan.gc.ca/t1/tbl1/en/tv.action?pid=1810000401"">18-10-0004-01</a>"
"V41690973","Consumer Price Index, monthly, not seasonally adjusted","Monthly","Canada;All-items","September 1968","2002=100","19.0","<a href=""https://www150.statcan.gc.ca/t1/tbl1/en/tv.action?pid=1810000401"">18-10-0004-01</a>"
"V41690973","Consumer Price Index, monthly, not seasonally adjusted","Monthly","Canada;All-items","October 1968","2002=100","19.0","<a href=""https://www150.statcan.gc.ca/t1/tbl1/en/tv.action?pid=1810000401"">18-10-0004-01</a>"
"V41690973","Consumer Price Index, monthly, not seasonally adjusted","Monthly","Canada;All-items","November 1968","2002=100","19.2","<a href=""https://www150.statcan.gc.ca/t1/tbl1/en/tv.action?pid=1810000401"">18-10-0004-01</a>"
"V41690973","Consumer Price Index, monthly, not seasonally adjusted","Monthly","Canada;All-items","December 1968","2002=100","19.2","<a href=""https://www150.statcan.gc.ca/t1/tbl1/en/tv.action?pid=1810000401"">18-10-0004-01</a>"
"V41690973","Consumer Price Index, monthly, not seasonally adjusted","Monthly","Canada;All-items","January 1969","2002=100","19.2","<a href=""https://www150.statcan.gc.ca/t1/tbl1/en/tv.action?pid=1810000401"">18-10-0004-01</a>"
"V41690973","Consumer Price Index, monthly, not seasonally adjusted","Monthly","Canada;All-items","February 1969","2002=100","19.2","<a href=""https://www150.statcan.gc.ca/t1/tbl1/en/tv.action?pid=1810000401"">18-10-0004-01</a>"
"V41690973","Consumer Price Index, monthly, not seasonally adjusted","Monthly","Canada;All-items","March 1969","2002=100","19.3","<a href=""https://www150.statcan.gc.ca/t1/tbl1/en/tv.action?pid=1810000401"">18-10-0004-01</a>"
"V41690973","Consumer Price Index, monthly, not seasonally adjusted","Monthly","Canada;All-items","April 1969","2002=100","19.6","<a href=""https://www150.statcan.gc.ca/t1/tbl1/en/tv.action?pid=1810000401"">18-10-0004-01</a>"
"V41690973","Consumer Price Index, monthly, not seasonally adjusted","Monthly","Canada;All-items","May 1969","2002=100","19.6","<a href=""https://www150.statcan.gc.ca/t1/tbl1/en/tv.action?pid=1810000401"">18-10-0004-01</a>"
"V41690973","Consumer Price Index, monthly, not seasonally adjusted","Monthly","Canada;All-items","June 1969","2002=100","19.7","<a href=""https://www150.statcan.gc.ca/t1/tbl1/en/tv.action?pid=1810000401"">18-10-0004-01</a>"
"V41690973","Consumer Price Index, monthly, not seasonally adjusted","Monthly","Canada;All-items","July 1969","2002=100","19.8","<a href=""https://www150.statcan.gc.ca/t1/tbl1/en/tv.action?pid=1810000401"">18-10-0004-01</a>"
"V41690973","Consumer Price Index, monthly, not seasonally adjusted","Monthly","Canada;All-items","August 1969","2002=100","19.9","<a href=""https://www150.statcan.gc.ca/t1/tbl1/en/tv.action?pid=1810000401"">18-10-0004-01</a>"
"V41690973","Consumer Price Index, monthly, not seasonally adjusted","Monthly","Canada;All-items","September 1969","2002=100","19.9","<a href=""https://www150.statcan.gc.ca/t1/tbl1/en/tv.action?pid=1810000401"">18-10-0004-01</a>"
"V41690973","Consumer Price Index, monthly, not seasonally adjusted","Monthly","Canada;All-items","October 1969","2002=100","19.9","<a href=""https://www150.statcan.gc.ca/t1/tbl1/en/tv.action?pid=1810000401"">18-10-0004-01</a>"
"V41690973","Consumer Price Index, monthly, not seasonally adjusted","Monthly","Canada;All-items","November 1969","2002=100","19.9","<a href=""https://www150.statcan.gc.ca/t1/tbl1/en/tv.action?pid=1810000401"">18-10-0004-01</a>"
"V41690973","Consumer Price Index, monthly, not seasonally adjusted","Monthly","Canada;All-items","December 1969","2002=100","20.1","<a href=""https://www150.statcan.gc.ca/t1/tbl1/en/tv.action?pid=1810000401"">18-10-0004-01</a>"
"V41690973","Consumer Price Index, monthly, not seasonally adjusted","Monthly","Canada;All-items","January 1970","2002=100","20.2","<a href=""https://www150.statcan.gc.ca/t1/tbl1/en/tv.action?pid=1810000401"">18-10-0004-01</a>"
"V41690973","Consumer Price Index, monthly, not seasonally adjusted","Monthly","Canada;All-items","February 1970","2002=100","20.2","<a href=""https://www150.statcan.gc.ca/t1/tbl1/en/tv.action?pid=1810000401"">18-10-0004-01</a>"
"V41690973","Consumer Price Index, monthly, not seasonally adjusted","Monthly","Canada;All-items","March 1970","2002=100","20.2","<a href=""https://www150.statcan.gc.ca/t1/tbl1/en/tv.action?pid=1810000401"">18-10-0004-01</a>"
"V41690973","Consumer Price Index, monthly, not seasonally adjusted","Monthly","Canada;All-items","April 1970","2002=100","20.3","<a href=""https://www150.statcan.gc.ca/t1/tbl1/en/tv.action?pid=1810000401"">18-10-0004-01</a>"
"V41690973","Consumer Price Index, monthly, not seasonally adjusted","Monthly","Canada;All-items","May 1970","2002=100","20.3","<a href=""https://www150.statcan.gc.ca/t1/tbl1/en/tv.action?pid=1810000401"">18-10-0004-01</a>"
"V41690973","Consumer Price Index, monthly, not seasonally adjusted","Monthly","Canada;All-items","June 1970","2002=100","20.3","<a href=""https://www150.statcan.gc.ca/t1/tbl1/en/tv.action?pid=1810000401"">18-10-0004-01</a>"
"V41690973","Consumer Price Index, monthly, not seasonally adjusted","Monthly","Canada;All-items","July 1970","2002=100","20.5","<a href=""https://www150.statcan.gc.ca/t1/tbl1/en/tv.action?pid=1810000401"">18-10-0004-01</a>"
"V41690973","Consumer Price Index, monthly, not seasonally adjusted","Monthly","Canada;All-items","August 1970","2002=100","20.5","<a href=""https://www150.statcan.gc.ca/t1/tbl1/en/tv.action?pid=1810000401"">18-10-0004-01</a>"
"V41690973","Consumer Price Index, monthly, not seasonally adjusted","Monthly","Canada;All-items","September 1970","2002=100","20.4","<a href=""https://www150.statcan.gc.ca/t1/tbl1/en/tv.action?pid=1810000401"">18-10-0004-01</a>"
"V41690973","Consumer Price Index, monthly, not seasonally adjusted","Monthly","Canada;All-items","October 1970","2002=100","20.4","<a href=""https://www150.statcan.gc.ca/t1/tbl1/en/tv.action?pid=1810000401"">18-10-0004-01</a>"
"V41690973","Consumer Price Index, monthly, not seasonally adjusted","Monthly","Canada;All-items","November 1970","2002=100","20.4","<a href=""https://www150.statcan.gc.ca/t1/tbl1/en/tv.action?pid=1810000401"">18-10-0004-01</a>"
"V41690973","Consumer Price Index, monthly, not seasonally adjusted","Monthly","Canada;All-items","December 1970","2002=100","20.3","<a href=""https://www150.statcan.gc.ca/t1/tbl1/en/tv.action?pid=1810000401"">18-10-0004-01</a>"
"V41690973","Consumer Price Index, monthly, not seasonally adjusted","Monthly","Canada;All-items","January 1971","2002=100","20.4","<a href=""https://www150.statcan.gc.ca/t1/tbl1/en/tv.action?pid=1810000401"">18-10-0004-01</a>"
"V41690973","Consumer Price Index, monthly, not seasonally adjusted","Monthly","Canada;All-items","February 1971","2002=100","20.5","<a href=""https://www150.statcan.gc.ca/t1/tbl1/en/tv.action?pid=1810000401"">18-10-0004-01</a>"
"V41690973","Consumer Price Index, monthly, not seasonally adjusted","Monthly","Canada;All-items","March 1971","2002=100","20.5","<a href=""https://www150.statcan.gc.ca/t1/tbl1/en/tv.action?pid=1810000401"">18-10-0004-01</a>"
"V41690973","Consumer Price Index, monthly, not seasonally adjusted","Monthly","Canada;All-items","April 1971","2002=100","20.7","<a href=""https://www150.statcan.gc.ca/t1/tbl1/en/tv.action?pid=1810000401"">18-10-0004-01</a>"
"V41690973","Consumer Price Index, monthly, not seasonally adjusted","Monthly","Canada;All-items","May 1971","2002=100","20.7","<a href=""https://www150.statcan.gc.ca/t1/tbl1/en/tv.action?pid=1810000401"">18-10-0004-01</a>"
"V41690973","Consumer Price Index, monthly, not seasonally adjusted","Monthly","Canada;All-items","June 1971","2002=100","20.8","<a href=""https://www150.statcan.gc.ca/t1/tbl1/en/tv.action?pid=1810000401"">18-10-0004-01</a>"
"V41690973","Consumer Price Index, monthly, not seasonally adjusted","Monthly","Canada;All-items","July 1971","2002=100","21.0","<a href=""https://www150.statcan.gc.ca/t1/tbl1/en/tv.action?pid=1810000401"">18-10-0004-01</a>"
"V41690973","Consumer Price Index, monthly, not seasonally adjusted","Monthly","Canada;All-items","August 1971","2002=100","21.2","<a href=""https://www150.statcan.gc.ca/t1/tbl1/en/tv.action?pid=1810000401"">18-10-0004-01</a>"
"V41690973","Consumer Price Index, monthly, not seasonally adjusted","Monthly","Canada;All-items","September 1971","2002=100","21.1","<a href=""https://www150.statcan.gc.ca/t1/tbl1/en/tv.action?pid=1810000401"">18-10-0004-01</a>"
"V41690973","Consumer Price Index, monthly, not seasonally adjusted","Monthly","Canada;All-items","October 1971","2002=100","21.2","<a href=""https://www150.statcan.gc.ca/t1/tbl1/en/tv.action?pid=1810000401"">18-10-0004-01</a>"
"V41690973","Consumer Price Index, monthly, not seasonally adjusted","Monthly","Canada;All-items","November 1971","2002=100","21.2","<a href=""https://www150.statcan.gc.ca/t1/tbl1/en/tv.action?pid=1810000401"">18-10-0004-01</a>"
"V41690973","Consumer Price Index, monthly, not seasonally adjusted","Monthly","Canada;All-items","December 1971","2002=100","21.3","<a href=""https://www150.statcan.gc.ca/t1/tbl1/en/tv.action?pid=1810000401"">18-10-0004-01</a>"
"V41690973","Consumer Price Index, monthly, not seasonally adjusted","Monthly","Canada;All-items","January 1972","2002=100","21.4","<a href=""https://www150.statcan.gc.ca/t1/tbl1/en/tv.action?pid=1810000401"">18-10-0004-01</a>"
"V41690973","Consumer Price Index, monthly, not seasonally adjusted","Monthly","Canada;All-items","February 1972","2002=100","21.5","<a href=""https://www150.statcan.gc.ca/t1/tbl1/en/tv.action?pid=1810000401"">18-10-0004-01</a>"
"V41690973","Consumer Price Index, monthly, not seasonally adjusted","Monthly","Canada;All-items","March 1972","2002=100","21.6","<a href=""https://www150.statcan.gc.ca/t1/tbl1/en/tv.action?pid=1810000401"">18-10-0004-01</a>"
"V41690973","Consumer Price Index, monthly, not seasonally adjusted","Monthly","Canada;All-items","April 1972","2002=100","21.7","<a href=""https://www150.statcan.gc.ca/t1/tbl1/en/tv.action?pid=1810000401"">18-10-0004-01</a>"
"V41690973","Consumer Price Index, monthly, not seasonally adjusted","Monthly","Canada;All-items","May 1972","2002=100","21.7","<a href=""https://www150.statcan.gc.ca/t1/tbl1/en/tv.action?pid=1810000401"">18-10-0004-01</a>"
"V41690973","Consumer Price Index, monthly, not seasonally adjusted","Monthly","Canada;All-items","June 1972","2002=100","21.7","<a href=""https://www150.statcan.gc.ca/t1/tbl1/en/tv.action?pid=1810000401"">18-10-0004-01</a>"
"V41690973","Consumer Price Index, monthly, not seasonally adjusted","Monthly","Canada;All-items","July 1972","2002=100","22.0","<a href=""https://www150.statcan.gc.ca/t1/tbl1/en/tv.action?pid=1810000401"">18-10-0004-01</a>"
"V41690973","Consumer Price Index, monthly, not seasonally adjusted","Monthly","Canada;All-items","August 1972","2002=100","22.2","<a href=""https://www150.statcan.gc.ca/t1/tbl1/en/tv.action?pid=1810000401"">18-10-0004-01</a>"
"V41690973","Consumer Price Index, monthly, not seasonally adjusted","Monthly","Canada;All-items","September 1972","2002=100","22.3","<a href=""https://www150.statcan.gc.ca/t1/tbl1/en/tv.action?pid=1810000401"">18-10-0004-01</a>"
"V41690973","Consumer Price Index, monthly, not seasonally adjusted","Monthly","Canada;All-items","October 1972","2002=100","22.3","<a href=""https://www150.statcan.gc.ca/t1/tbl1/en/tv.action?pid=1810000401"">18-10-0004-01</a>"
"V41690973","Consumer Price Index, monthly, not seasonally adjusted","Monthly","Canada;All-items","November 1972","2002=100","22.3","<a href=""https://www150.statcan.gc.ca/t1/tbl1/en/tv.action?pid=1810000401"">18-10-0004-01</a>"
"V41690973","Consumer Price Index, monthly, not seasonally adjusted","Monthly","Canada;All-items","December 1972","2002=100","22.4","<a href=""https://www150.statcan.gc.ca/t1/tbl1/en/tv.action?pid=1810000401"">18-10-0004-01</a>"
"V41690973","Consumer Price Index, monthly, not seasonally adjusted","Monthly","Canada;All-items","January 1973","2002=100","22.6","<a href=""https://www150.statcan.gc.ca/t1/tbl1/en/tv.action?pid=1810000401"">18-10-0004-01</a>"
"V41690973","Consumer Price Index, monthly, not seasonally adjusted","Monthly","Canada;All-items","February 1973","2002=100","22.8","<a href=""https://www150.statcan.gc.ca/t1/tbl1/en/tv.action?pid=1810000401"">18-10-0004-01</a>"
"V41690973","Consumer Price Index, monthly, not seasonally adjusted","Monthly","Canada;All-items","March 1973","2002=100","22.8","<a href=""https://www150.statcan.gc.ca/t1/tbl1/en/tv.action?pid=1810000401"">18-10-0004-01</a>"
"V41690973","Consumer Price Index, monthly, not seasonally adjusted","Monthly","Canada;All-items","April 1973","2002=100","23.1","<a href=""https://www150.statcan.gc.ca/t1/tbl1/en/tv.action?pid=1810000401"">18-10-0004-01</a>"
"V41690973","Consumer Price Index, monthly, not seasonally adjusted","Monthly","Canada;All-items","May 1973","2002=100","23.2","<a href=""https://www150.statcan.gc.ca/t1/tbl1/en/tv.action?pid=1810000401"">18-10-0004-01</a>"
"V41690973","Consumer Price Index, monthly, not seasonally adjusted","Monthly","Canada;All-items","June 1973","2002=100","23.4","<a href=""https://www150.statcan.gc.ca/t1/tbl1/en/tv.action?pid=1810000401"">18-10-0004-01</a>"
"V41690973","Consumer Price Index, monthly, not seasonally adjusted","Monthly","Canada;All-items","July 1973","2002=100","23.7","<a href=""https://www150.statcan.gc.ca/t1/tbl1/en/tv.action?pid=1810000401"">18-10-0004-01</a>"
"V41690973","Consumer Price Index, monthly, not seasonally adjusted","Monthly","Canada;All-items","August 1973","2002=100","24.0","<a href=""https://www150.statcan.gc.ca/t1/tbl1/en/tv.action?pid=1810000401"">18-10-0004-01</a>"
"V41690973","Consumer Price Index, monthly, not seasonally adjusted","Monthly","Canada;All-items","September 1973","2002=100","24.1","<a href=""https://www150.statcan.gc.ca/t1/tbl1/en/tv.action?pid=1810000401"">18-10-0004-01</a>"
"V41690973","Consumer Price Index, monthly, not seasonally adjusted","Monthly","Canada;All-items","October 1973","2002=100","24.2","<a href=""https://www150.statcan.gc.ca/t1/tbl1/en/tv.action?pid=1810000401"">18-10-0004-01</a>"
"V41690973","Consumer Price Index, monthly, not seasonally adjusted","Monthly","Canada;All-items","November 1973","2002=100","24.4","<a href=""https://www150.statcan.gc.ca/t1/tbl1/en/tv.action?pid=1810000401"">18-10-0004-01</a>"
"V41690973","Consumer Price Index, monthly, not seasonally adjusted","Monthly","Canada;All-items","December 1973","2002=100","24.5","<a href=""https://www150.statcan.gc.ca/t1/tbl1/en/tv.action?pid=1810000401"">18-10-0004-01</a>"
"V41690973","Consumer Price Index, monthly, not seasonally adjusted","Monthly","Canada;All-items","January 1974","2002=100","24.7","<a href=""https://www150.statcan.gc.ca/t1/tbl1/en/tv.action?pid=1810000401"">18-10-0004-01</a>"
"V41690973","Consumer Price Index, monthly, not seasonally adjusted","Monthly","Canada;All-items","February 1974","2002=100","24.9","<a href=""https://www150.statcan.gc.ca/t1/tbl1/en/tv.action?pid=1810000401"">18-10-0004-01</a>"
"V41690973","Consumer Price Index, monthly, not seasonally adjusted","Monthly","Canada;All-items","March 1974","2002=100","25.2","<a href=""https://www150.statcan.gc.ca/t1/tbl1/en/tv.action?pid=1810000401"">18-10-0004-01</a>"
"V41690973","Consumer Price Index, monthly, not seasonally adjusted","Monthly","Canada;All-items","April 1974","2002=100","25.4","<a href=""https://www150.statcan.gc.ca/t1/tbl1/en/tv.action?pid=1810000401"">18-10-0004-01</a>"
"V41690973","Consumer Price Index, monthly, not seasonally adjusted","Monthly","Canada;All-items","May 1974","2002=100","25.9","<a href=""https://www150.statcan.gc.ca/t1/tbl1/en/tv.action?pid=1810000401"">18-10-0004-01</a>"
"V41690973","Consumer Price Index, monthly, not seasonally adjusted","Monthly","Canada;All-items","June 1974","2002=100","26.1","<a href=""https://www150.statcan.gc.ca/t1/tbl1/en/tv.action?pid=1810000401"">18-10-0004-01</a>"
"V41690973","Consumer Price Index, monthly, not seasonally adjusted","Monthly","Canada;All-items","July 1974","2002=100","26.3","<a href=""https://www150.statcan.gc.ca/t1/tbl1/en/tv.action?pid=1810000401"">18-10-0004-01</a>"
"V41690973","Consumer Price Index, monthly, not seasonally adjusted","Monthly","Canada;All-items","August 1974","2002=100","26.6","<a href=""https://www150.statcan.gc.ca/t1/tbl1/en/tv.action?pid=1810000401"">18-10-0004-01</a>"
"V41690973","Consumer Price Index, monthly, not seasonally adjusted","Monthly","Canada;All-items","September 1974","2002=100","26.8","<a href=""https://www150.statcan.gc.ca/t1/tbl1/en/tv.action?pid=1810000401"">18-10-0004-01</a>"
"V41690973","Consumer Price Index, monthly, not seasonally adjusted","Monthly","Canada;All-items","October 1974","2002=100","27.1","<a href=""https://www150.statcan.gc.ca/t1/tbl1/en/tv.action?pid=1810000401"">18-10-0004-01</a>"
"V41690973","Consumer Price Index, monthly, not seasonally adjusted","Monthly","Canada;All-items","November 1974","2002=100","27.3","<a href=""https://www150.statcan.gc.ca/t1/tbl1/en/tv.action?pid=1810000401"">18-10-0004-01</a>"
"V41690973","Consumer Price Index, monthly, not seasonally adjusted","Monthly","Canada;All-items","December 1974","2002=100","27.6","<a href=""https://www150.statcan.gc.ca/t1/tbl1/en/tv.action?pid=1810000401"">18-10-0004-01</a>"
"V41690973","Consumer Price Index, monthly, not seasonally adjusted","Monthly","Canada;All-items","January 1975","2002=100","27.6","<a href=""https://www150.statcan.gc.ca/t1/tbl1/en/tv.action?pid=1810000401"">18-10-0004-01</a>"
"V41690973","Consumer Price Index, monthly, not seasonally adjusted","Monthly","Canada;All-items","February 1975","2002=100","27.9","<a href=""https://www150.statcan.gc.ca/t1/tbl1/en/tv.action?pid=1810000401"">18-10-0004-01</a>"
"V41690973","Consumer Price Index, monthly, not seasonally adjusted","Monthly","Canada;All-items","March 1975","2002=100","28.0","<a href=""https://www150.statcan.gc.ca/t1/tbl1/en/tv.action?pid=1810000401"">18-10-0004-01</a>"
"V41690973","Consumer Price Index, monthly, not seasonally adjusted","Monthly","Canada;All-items","April 1975","2002=100","28.2","<a href=""https://www150.statcan.gc.ca/t1/tbl1/en/tv.action?pid=1810000401"">18-10-0004-01</a>"
"V41690973","Consumer Price Index, monthly, not seasonally adjusted","Monthly","Canada;All-items","May 1975","2002=100","28.5","<a href=""https://www150.statcan.gc.ca/t1/tbl1/en/tv.action?pid=1810000401"">18-10-0004-01</a>"
"V41690973","Consumer Price Index, monthly, not seasonally adjusted","Monthly","Canada;All-items","June 1975","2002=100","28.8","<a href=""https://www150.statcan.gc.ca/t1/tbl1/en/tv.action?pid=1810000401"">18-10-0004-01</a>"
"V41690973","Consumer Price Index, monthly, not seasonally adjusted","Monthly","Canada;All-items","July 1975","2002=100","29.2","<a href=""https://www150.statcan.gc.ca/t1/tbl1/en/tv.action?pid=1810000401"">18-10-0004-01</a>"
"V41690973","Consumer Price Index, monthly, not seasonally adjusted","Monthly","Canada;All-items","August 1975","2002=100","29.5","<a href=""https://www150.statcan.gc.ca/t1/tbl1/en/tv.action?pid=1810000401"">18-10-0004-01</a>"
"V41690973","Consumer Price Index, monthly, not seasonally adjusted","Monthly","Canada;All-items","September 1975","2002=100","29.6","<a href=""https://www150.statcan.gc.ca/t1/tbl1/en/tv.action?pid=1810000401"">18-10-0004-01</a>"
"V41690973","Consumer Price Index, monthly, not seasonally adjusted","Monthly","Canada;All-items","October 1975","2002=100","29.8","<a href=""https://www150.statcan.gc.ca/t1/tbl1/en/tv.action?pid=1810000401"">18-10-0004-01</a>"
"V41690973","Consumer Price Index, monthly, not seasonally adjusted","Monthly","Canada;All-items","November 1975","2002=100","30.1","<a href=""https://www150.statcan.gc.ca/t1/tbl1/en/tv.action?pid=1810000401"">18-10-0004-01</a>"
"V41690973","Consumer Price Index, monthly, not seasonally adjusted","Monthly","Canada;All-items","December 1975","2002=100","30.2","<a href=""https://www150.statcan.gc.ca/t1/tbl1/en/tv.action?pid=1810000401"">18-10-0004-01</a>"
"V41690973","Consumer Price Index, monthly, not seasonally adjusted","Monthly","Canada;All-items","January 1976","2002=100","30.3","<a href=""https://www150.statcan.gc.ca/t1/tbl1/en/tv.action?pid=1810000401"">18-10-0004-01</a>"
"V41690973","Consumer Price Index, monthly, not seasonally adjusted","Monthly","Canada;All-items","February 1976","2002=100","30.5","<a href=""https://www150.statcan.gc.ca/t1/tbl1/en/tv.action?pid=1810000401"">18-10-0004-01</a>"
"V41690973","Consumer Price Index, monthly, not seasonally adjusted","Monthly","Canada;All-items","March 1976","2002=100","30.6","<a href=""https://www150.statcan.gc.ca/t1/tbl1/en/tv.action?pid=1810000401"">18-10-0004-01</a>"
"V41690973","Consumer Price Index, monthly, not seasonally adjusted","Monthly","Canada;All-items","April 1976","2002=100","30.7","<a href=""https://www150.statcan.gc.ca/t1/tbl1/en/tv.action?pid=1810000401"">18-10-0004-01</a>"
"V41690973","Consumer Price Index, monthly, not seasonally adjusted","Monthly","Canada;All-items","May 1976","2002=100","30.9","<a href=""https://www150.statcan.gc.ca/t1/tbl1/en/tv.action?pid=1810000401"">18-10-0004-01</a>"
"V41690973","Consumer Price Index, monthly, not seasonally adjusted","Monthly","Canada;All-items","June 1976","2002=100","31.1","<a href=""https://www150.statcan.gc.ca/t1/tbl1/en/tv.action?pid=1810000401"">18-10-0004-01</a>"
"V41690973","Consumer Price Index, monthly, not seasonally adjusted","Monthly","Canada;All-items","July 1976","2002=100","31.3","<a href=""https://www150.statcan.gc.ca/t1/tbl1/en/tv.action?pid=1810000401"">18-10-0004-01</a>"
"V41690973","Consumer Price Index, monthly, not seasonally adjusted","Monthly","Canada;All-items","August 1976","2002=100","31.3","<a href=""https://www150.statcan.gc.ca/t1/tbl1/en/tv.action?pid=1810000401"">18-10-0004-01</a>"
"V41690973","Consumer Price Index, monthly, not seasonally adjusted","Monthly","Canada;All-items","September 1976","2002=100","31.5","<a href=""https://www150.statcan.gc.ca/t1/tbl1/en/tv.action?pid=1810000401"">18-10-0004-01</a>"
"V41690973","Consumer Price Index, monthly, not seasonally adjusted","Monthly","Canada;All-items","October 1976","2002=100","31.7","<a href=""https://www150.statcan.gc.ca/t1/tbl1/en/tv.action?pid=1810000401"">18-10-0004-01</a>"
"V41690973","Consumer Price Index, monthly, not seasonally adjusted","Monthly","Canada;All-items","November 1976","2002=100","31.8","<a href=""https://www150.statcan.gc.ca/t1/tbl1/en/tv.action?pid=1810000401"">18-10-0004-01</a>"
"V41690973","Consumer Price Index, monthly, not seasonally adjusted","Monthly","Canada;All-items","December 1976","2002=100","31.9","<a href=""https://www150.statcan.gc.ca/t1/tbl1/en/tv.action?pid=1810000401"">18-10-0004-01</a>"
"V41690973","Consumer Price Index, monthly, not seasonally adjusted","Monthly","Canada;All-items","January 1977","2002=100","32.2","<a href=""https://www150.statcan.gc.ca/t1/tbl1/en/tv.action?pid=1810000401"">18-10-0004-01</a>"
"V41690973","Consumer Price Index, monthly, not seasonally adjusted","Monthly","Canada;All-items","February 1977","2002=100","32.4","<a href=""https://www150.statcan.gc.ca/t1/tbl1/en/tv.action?pid=1810000401"">18-10-0004-01</a>"
"V41690973","Consumer Price Index, monthly, not seasonally adjusted","Monthly","Canada;All-items","March 1977","2002=100","32.8","<a href=""https://www150.statcan.gc.ca/t1/tbl1/en/tv.action?pid=1810000401"">18-10-0004-01</a>"
"V41690973","Consumer Price Index, monthly, not seasonally adjusted","Monthly","Canada;All-items","April 1977","2002=100","33.0","<a href=""https://www150.statcan.gc.ca/t1/tbl1/en/tv.action?pid=1810000401"">18-10-0004-01</a>"
"V41690973","Consumer Price Index, monthly, not seasonally adjusted","Monthly","Canada;All-items","May 1977","2002=100","33.4","<a href=""https://www150.statcan.gc.ca/t1/tbl1/en/tv.action?pid=1810000401"">18-10-0004-01</a>"
"V41690973","Consumer Price Index, monthly, not seasonally adjusted","Monthly","Canada;All-items","June 1977","2002=100","33.5","<a href=""https://www150.statcan.gc.ca/t1/tbl1/en/tv.action?pid=1810000401"">18-10-0004-01</a>"
"V41690973","Consumer Price Index, monthly, not seasonally adjusted","Monthly","Canada;All-items","July 1977","2002=100","33.9","<a href=""https://www150.statcan.gc.ca/t1/tbl1/en/tv.action?pid=1810000401"">18-10-0004-01</a>"
"V41690973","Consumer Price Index, monthly, not seasonally adjusted","Monthly","Canada;All-items","August 1977","2002=100","33.9","<a href=""https://www150.statcan.gc.ca/t1/tbl1/en/tv.action?pid=1810000401"">18-10-0004-01</a>"
"V41690973","Consumer Price Index, monthly, not seasonally adjusted","Monthly","Canada;All-items","September 1977","2002=100","34.2","<a href=""https://www150.statcan.gc.ca/t1/tbl1/en/tv.action?pid=1810000401"">18-10-0004-01</a>"
"V41690973","Consumer Price Index, monthly, not seasonally adjusted","Monthly","Canada;All-items","October 1977","2002=100","34.5","<a href=""https://www150.statcan.gc.ca/t1/tbl1/en/tv.action?pid=1810000401"">18-10-0004-01</a>"
"V41690973","Consumer Price Index, monthly, not seasonally adjusted","Monthly","Canada;All-items","November 1977","2002=100","34.7","<a href=""https://www150.statcan.gc.ca/t1/tbl1/en/tv.action?pid=1810000401"">18-10-0004-01</a>"
"V41690973","Consumer Price Index, monthly, not seasonally adjusted","Monthly","Canada;All-items","December 1977","2002=100","34.9","<a href=""https://www150.statcan.gc.ca/t1/tbl1/en/tv.action?pid=1810000401"">18-10-0004-01</a>"
"V41690973","Consumer Price Index, monthly, not seasonally adjusted","Monthly","Canada;All-items","January 1978","2002=100","35.1","<a href=""https://www150.statcan.gc.ca/t1/tbl1/en/tv.action?pid=1810000401"">18-10-0004-01</a>"
"V41690973","Consumer Price Index, monthly, not seasonally adjusted","Monthly","Canada;All-items","February 1978","2002=100","35.4","<a href=""https://www150.statcan.gc.ca/t1/tbl1/en/tv.action?pid=1810000401"">18-10-0004-01</a>"
"V41690973","Consumer Price Index, monthly, not seasonally adjusted","Monthly","Canada;All-items","March 1978","2002=100","35.7","<a href=""https://www150.statcan.gc.ca/t1/tbl1/en/tv.action?pid=1810000401"">18-10-0004-01</a>"
"V41690973","Consumer Price Index, monthly, not seasonally adjusted","Monthly","Canada;All-items","April 1978","2002=100","35.8","<a href=""https://www150.statcan.gc.ca/t1/tbl1/en/tv.action?pid=1810000401"">18-10-0004-01</a>"
"V41690973","Consumer Price Index, monthly, not seasonally adjusted","Monthly","Canada;All-items","May 1978","2002=100","36.3","<a href=""https://www150.statcan.gc.ca/t1/tbl1/en/tv.action?pid=1810000401"">18-10-0004-01</a>"
"V41690973","Consumer Price Index, monthly, not seasonally adjusted","Monthly","Canada;All-items","June 1978","2002=100","36.6","<a href=""https://www150.statcan.gc.ca/t1/tbl1/en/tv.action?pid=1810000401"">18-10-0004-01</a>"
"V41690973","Consumer Price Index, monthly, not seasonally adjusted","Monthly","Canada;All-items","July 1978","2002=100","37.1","<a href=""https://www150.statcan.gc.ca/t1/tbl1/en/tv.action?pid=1810000401"">18-10-0004-01</a>"
"V41690973","Consumer Price Index, monthly, not seasonally adjusted","Monthly","Canada;All-items","August 1978","2002=100","37.2","<a href=""https://www150.statcan.gc.ca/t1/tbl1/en/tv.action?pid=1810000401"">18-10-0004-01</a>"
"V41690973","Consumer Price Index, monthly, not seasonally adjusted","Monthly","Canada;All-items","September 1978","2002=100","37.1","<a href=""https://www150.statcan.gc.ca/t1/tbl1/en/tv.action?pid=1810000401"">18-10-0004-01</a>"
"V41690973","Consumer Price Index, monthly, not seasonally adjusted","Monthly","Canada;All-items","October 1978","2002=100","37.6","<a href=""https://www150.statcan.gc.ca/t1/tbl1/en/tv.action?pid=1810000401"">18-10-0004-01</a>"
"V41690973","Consumer Price Index, monthly, not seasonally adjusted","Monthly","Canada;All-items","November 1978","2002=100","37.8","<a href=""https://www150.statcan.gc.ca/t1/tbl1/en/tv.action?pid=1810000401"">18-10-0004-01</a>"
"V41690973","Consumer Price Index, monthly, not seasonally adjusted","Monthly","Canada;All-items","December 1978","2002=100","37.9","<a href=""https://www150.statcan.gc.ca/t1/tbl1/en/tv.action?pid=1810000401"">18-10-0004-01</a>"
"V41690973","Consumer Price Index, monthly, not seasonally adjusted","Monthly","Canada;All-items","January 1979","2002=100","38.1","<a href=""https://www150.statcan.gc.ca/t1/tbl1/en/tv.action?pid=1810000401"">18-10-0004-01</a>"
"V41690973","Consumer Price Index, monthly, not seasonally adjusted","Monthly","Canada;All-items","February 1979","2002=100","38.6","<a href=""https://www150.statcan.gc.ca/t1/tbl1/en/tv.action?pid=1810000401"">18-10-0004-01</a>"
"V41690973","Consumer Price Index, monthly, not seasonally adjusted","Monthly","Canada;All-items","March 1979","2002=100","39.0","<a href=""https://www150.statcan.gc.ca/t1/tbl1/en/tv.action?pid=1810000401"">18-10-0004-01</a>"
"V41690973","Consumer Price Index, monthly, not seasonally adjusted","Monthly","Canada;All-items","April 1979","2002=100","39.3","<a href=""https://www150.statcan.gc.ca/t1/tbl1/en/tv.action?pid=1810000401"">18-10-0004-01</a>"
"V41690973","Consumer Price Index, monthly, not seasonally adjusted","Monthly","Canada;All-items","May 1979","2002=100","39.7","<a href=""https://www150.statcan.gc.ca/t1/tbl1/en/tv.action?pid=1810000401"">18-10-0004-01</a>"
"V41690973","Consumer Price Index, monthly, not seasonally adjusted","Monthly","Canada;All-items","June 1979","2002=100","39.9","<a href=""https://www150.statcan.gc.ca/t1/tbl1/en/tv.action?pid=1810000401"">18-10-0004-01</a>"
"V41690973","Consumer Price Index, monthly, not seasonally adjusted","Monthly","Canada;All-items","July 1979","2002=100","40.2","<a href=""https://www150.statcan.gc.ca/t1/tbl1/en/tv.action?pid=1810000401"">18-10-0004-01</a>"
"V41690973","Consumer Price Index, monthly, not seasonally adjusted","Monthly","Canada;All-items","August 1979","2002=100","40.3","<a href=""https://www150.statcan.gc.ca/t1/tbl1/en/tv.action?pid=1810000401"">18-10-0004-01</a>"
"V41690973","Consumer Price Index, monthly, not seasonally adjusted","Monthly","Canada;All-items","September 1979","2002=100","40.7","<a href=""https://www150.statcan.gc.ca/t1/tbl1/en/tv.action?pid=1810000401"">18-10-0004-01</a>"
"V41690973","Consumer Price Index, monthly, not seasonally adjusted","Monthly","Canada;All-items","October 1979","2002=100","41.0","<a href=""https://www150.statcan.gc.ca/t1/tbl1/en/tv.action?pid=1810000401"">18-10-0004-01</a>"
"V41690973","Consumer Price Index, monthly, not seasonally adjusted","Monthly","Canada;All-items","November 1979","2002=100","41.4","<a href=""https://www150.statcan.gc.ca/t1/tbl1/en/tv.action?pid=1810000401"">18-10-0004-01</a>"
"V41690973","Consumer Price Index, monthly, not seasonally adjusted","Monthly","Canada;All-items","December 1979","2002=100","41.6","<a href=""https://www150.statcan.gc.ca/t1/tbl1/en/tv.action?pid=1810000401"">18-10-0004-01</a>"
"V41690973","Consumer Price Index, monthly, not seasonally adjusted","Monthly","Canada;All-items","January 1980","2002=100","41.8","<a href=""https://www150.statcan.gc.ca/t1/tbl1/en/tv.action?pid=1810000401"">18-10-0004-01</a>"
"V41690973","Consumer Price Index, monthly, not seasonally adjusted","Monthly","Canada;All-items","February 1980","2002=100","42.3","<a href=""https://www150.statcan.gc.ca/t1/tbl1/en/tv.action?pid=1810000401"">18-10-0004-01</a>"
"V41690973","Consumer Price Index, monthly, not seasonally adjusted","Monthly","Canada;All-items","March 1980","2002=100","42.6","<a href=""https://www150.statcan.gc.ca/t1/tbl1/en/tv.action?pid=1810000401"">18-10-0004-01</a>"
"V41690973","Consumer Price Index, monthly, not seasonally adjusted","Monthly","Canada;All-items","April 1980","2002=100","42.9","<a href=""https://www150.statcan.gc.ca/t1/tbl1/en/tv.action?pid=1810000401"">18-10-0004-01</a>"
"V41690973","Consumer Price Index, monthly, not seasonally adjusted","Monthly","Canada;All-items","May 1980","2002=100","43.4","<a href=""https://www150.statcan.gc.ca/t1/tbl1/en/tv.action?pid=1810000401"">18-10-0004-01</a>"
"V41690973","Consumer Price Index, monthly, not seasonally adjusted","Monthly","Canada;All-items","June 1980","2002=100","43.9","<a href=""https://www150.statcan.gc.ca/t1/tbl1/en/tv.action?pid=1810000401"">18-10-0004-01</a>"
"V41690973","Consumer Price Index, monthly, not seasonally adjusted","Monthly","Canada;All-items","July 1980","2002=100","44.2","<a href=""https://www150.statcan.gc.ca/t1/tbl1/en/tv.action?pid=1810000401"">18-10-0004-01</a>"
"V41690973","Consumer Price Index, monthly, not seasonally adjusted","Monthly","Canada;All-items","August 1980","2002=100","44.7","<a href=""https://www150.statcan.gc.ca/t1/tbl1/en/tv.action?pid=1810000401"">18-10-0004-01</a>"
"V41690973","Consumer Price Index, monthly, not seasonally adjusted","Monthly","Canada;All-items","September 1980","2002=100","45.0","<a href=""https://www150.statcan.gc.ca/t1/tbl1/en/tv.action?pid=1810000401"">18-10-0004-01</a>"
"V41690973","Consumer Price Index, monthly, not seasonally adjusted","Monthly","Canada;All-items","October 1980","2002=100","45.4","<a href=""https://www150.statcan.gc.ca/t1/tbl1/en/tv.action?pid=1810000401"">18-10-0004-01</a>"
"V41690973","Consumer Price Index, monthly, not seasonally adjusted","Monthly","Canada;All-items","November 1980","2002=100","46.0","<a href=""https://www150.statcan.gc.ca/t1/tbl1/en/tv.action?pid=1810000401"">18-10-0004-01</a>"
"V41690973","Consumer Price Index, monthly, not seasonally adjusted","Monthly","Canada;All-items","December 1980","2002=100","46.2","<a href=""https://www150.statcan.gc.ca/t1/tbl1/en/tv.action?pid=1810000401"">18-10-0004-01</a>"
"V41690973","Consumer Price Index, monthly, not seasonally adjusted","Monthly","Canada;All-items","January 1981","2002=100","46.9","<a href=""https://www150.statcan.gc.ca/t1/tbl1/en/tv.action?pid=1810000401"">18-10-0004-01</a>"
"V41690973","Consumer Price Index, monthly, not seasonally adjusted","Monthly","Canada;All-items","February 1981","2002=100","47.4","<a href=""https://www150.statcan.gc.ca/t1/tbl1/en/tv.action?pid=1810000401"">18-10-0004-01</a>"
"V41690973","Consumer Price Index, monthly, not seasonally adjusted","Monthly","Canada;All-items","March 1981","2002=100","48.0","<a href=""https://www150.statcan.gc.ca/t1/tbl1/en/tv.action?pid=1810000401"">18-10-0004-01</a>"
"V41690973","Consumer Price Index, monthly, not seasonally adjusted","Monthly","Canada;All-items","April 1981","2002=100","48.3","<a href=""https://www150.statcan.gc.ca/t1/tbl1/en/tv.action?pid=1810000401"">18-10-0004-01</a>"
"V41690973","Consumer Price Index, monthly, not seasonally adjusted","Monthly","Canada;All-items","May 1981","2002=100","48.7","<a href=""https://www150.statcan.gc.ca/t1/tbl1/en/tv.action?pid=1810000401"">18-10-0004-01</a>"
"V41690973","Consumer Price Index, monthly, not seasonally adjusted","Monthly","Canada;All-items","June 1981","2002=100","49.5","<a href=""https://www150.statcan.gc.ca/t1/tbl1/en/tv.action?pid=1810000401"">18-10-0004-01</a>"
"V41690973","Consumer Price Index, monthly, not seasonally adjusted","Monthly","Canada;All-items","July 1981","2002=100","49.9","<a href=""https://www150.statcan.gc.ca/t1/tbl1/en/tv.action?pid=1810000401"">18-10-0004-01</a>"
"V41690973","Consumer Price Index, monthly, not seasonally adjusted","Monthly","Canada;All-items","August 1981","2002=100","50.3","<a href=""https://www150.statcan.gc.ca/t1/tbl1/en/tv.action?pid=1810000401"">18-10-0004-01</a>"
"V41690973","Consumer Price Index, monthly, not seasonally adjusted","Monthly","Canada;All-items","September 1981","2002=100","50.7","<a href=""https://www150.statcan.gc.ca/t1/tbl1/en/tv.action?pid=1810000401"">18-10-0004-01</a>"
"V41690973","Consumer Price Index, monthly, not seasonally adjusted","Monthly","Canada;All-items","October 1981","2002=100","51.2","<a href=""https://www150.statcan.gc.ca/t1/tbl1/en/tv.action?pid=1810000401"">18-10-0004-01</a>"
"V41690973","Consumer Price Index, monthly, not seasonally adjusted","Monthly","Canada;All-items","November 1981","2002=100","51.6","<a href=""https://www150.statcan.gc.ca/t1/tbl1/en/tv.action?pid=1810000401"">18-10-0004-01</a>"
"V41690973","Consumer Price Index, monthly, not seasonally adjusted","Monthly","Canada;All-items","December 1981","2002=100","51.8","<a href=""https://www150.statcan.gc.ca/t1/tbl1/en/tv.action?pid=1810000401"">18-10-0004-01</a>"
"V41690973","Consumer Price Index, monthly, not seasonally adjusted","Monthly","Canada;All-items","January 1982","2002=100","52.2","<a href=""https://www150.statcan.gc.ca/t1/tbl1/en/tv.action?pid=1810000401"">18-10-0004-01</a>"
"V41690973","Consumer Price Index, monthly, not seasonally adjusted","Monthly","Canada;All-items","February 1982","2002=100","52.8","<a href=""https://www150.statcan.gc.ca/t1/tbl1/en/tv.action?pid=1810000401"">18-10-0004-01</a>"
"V41690973","Consumer Price Index, monthly, not seasonally adjusted","Monthly","Canada;All-items","March 1982","2002=100","53.5","<a href=""https://www150.statcan.gc.ca/t1/tbl1/en/tv.action?pid=1810000401"">18-10-0004-01</a>"
"V41690973","Consumer Price Index, monthly, not seasonally adjusted","Monthly","Canada;All-items","April 1982","2002=100","53.8","<a href=""https://www150.statcan.gc.ca/t1/tbl1/en/tv.action?pid=1810000401"">18-10-0004-01</a>"
"V41690973","Consumer Price Index, monthly, not seasonally adjusted","Monthly","Canada;All-items","May 1982","2002=100","54.5","<a href=""https://www150.statcan.gc.ca/t1/tbl1/en/tv.action?pid=1810000401"">18-10-0004-01</a>"
"V41690973","Consumer Price Index, monthly, not seasonally adjusted","Monthly","Canada;All-items","June 1982","2002=100","55.1","<a href=""https://www150.statcan.gc.ca/t1/tbl1/en/tv.action?pid=1810000401"">18-10-0004-01</a>"
"V41690973","Consumer Price Index, monthly, not seasonally adjusted","Monthly","Canada;All-items","July 1982","2002=100","55.4","<a href=""https://www150.statcan.gc.ca/t1/tbl1/en/tv.action?pid=1810000401"">18-10-0004-01</a>"
"V41690973","Consumer Price Index, monthly, not seasonally adjusted","Monthly","Canada;All-items","August 1982","2002=100","55.6","<a href=""https://www150.statcan.gc.ca/t1/tbl1/en/tv.action?pid=1810000401"">18-10-0004-01</a>"
"V41690973","Consumer Price Index, monthly, not seasonally adjusted","Monthly","Canada;All-items","September 1982","2002=100","55.9","<a href=""https://www150.statcan.gc.ca/t1/tbl1/en/tv.action?pid=1810000401"">18-10-0004-01</a>"
"V41690973","Consumer Price Index, monthly, not seasonally adjusted","Monthly","Canada;All-items","October 1982","2002=100","56.3","<a href=""https://www150.statcan.gc.ca/t1/tbl1/en/tv.action?pid=1810000401"">18-10-0004-01</a>"
"V41690973","Consumer Price Index, monthly, not seasonally adjusted","Monthly","Canada;All-items","November 1982","2002=100","56.6","<a href=""https://www150.statcan.gc.ca/t1/tbl1/en/tv.action?pid=1810000401"">18-10-0004-01</a>"
"V41690973","Consumer Price Index, monthly, not seasonally adjusted","Monthly","Canada;All-items","December 1982","2002=100","56.6","<a href=""https://www150.statcan.gc.ca/t1/tbl1/en/tv.action?pid=1810000401"">18-10-0004-01</a>"
"V41690973","Consumer Price Index, monthly, not seasonally adjusted","Monthly","Canada;All-items","January 1983","2002=100","56.5","<a href=""https://www150.statcan.gc.ca/t1/tbl1/en/tv.action?pid=1810000401"">18-10-0004-01</a>"
"V41690973","Consumer Price Index, monthly, not seasonally adjusted","Monthly","Canada;All-items","February 1983","2002=100","56.8","<a href=""https://www150.statcan.gc.ca/t1/tbl1/en/tv.action?pid=1810000401"">18-10-0004-01</a>"
"V41690973","Consumer Price Index, monthly, not seasonally adjusted","Monthly","Canada;All-items","March 1983","2002=100","57.4","<a href=""https://www150.statcan.gc.ca/t1/tbl1/en/tv.action?pid=1810000401"">18-10-0004-01</a>"
"V41690973","Consumer Price Index, monthly, not seasonally adjusted","Monthly","Canada;All-items","April 1983","2002=100","57.4","<a href=""https://www150.statcan.gc.ca/t1/tbl1/en/tv.action?pid=1810000401"">18-10-0004-01</a>"
"V41690973","Consumer Price Index, monthly, not seasonally adjusted","Monthly","Canada;All-items","May 1983","2002=100","57.5","<a href=""https://www150.statcan.gc.ca/t1/tbl1/en/tv.action?pid=1810000401"">18-10-0004-01</a>"
"V41690973","Consumer Price Index, monthly, not seasonally adjusted","Monthly","Canada;All-items","June 1983","2002=100","58.1","<a href=""https://www150.statcan.gc.ca/t1/tbl1/en/tv.action?pid=1810000401"">18-10-0004-01</a>"
"V41690973","Consumer Price Index, monthly, not seasonally adjusted","Monthly","Canada;All-items","July 1983","2002=100","58.4","<a href=""https://www150.statcan.gc.ca/t1/tbl1/en/tv.action?pid=1810000401"">18-10-0004-01</a>"
"V41690973","Consumer Price Index, monthly, not seasonally adjusted","Monthly","Canada;All-items","August 1983","2002=100","58.7","<a href=""https://www150.statcan.gc.ca/t1/tbl1/en/tv.action?pid=1810000401"">18-10-0004-01</a>"
"V41690973","Consumer Price Index, monthly, not seasonally adjusted","Monthly","Canada;All-items","September 1983","2002=100","58.7","<a href=""https://www150.statcan.gc.ca/t1/tbl1/en/tv.action?pid=1810000401"">18-10-0004-01</a>"
"V41690973","Consumer Price Index, monthly, not seasonally adjusted","Monthly","Canada;All-items","October 1983","2002=100","59.1","<a href=""https://www150.statcan.gc.ca/t1/tbl1/en/tv.action?pid=1810000401"">18-10-0004-01</a>"
"V41690973","Consumer Price Index, monthly, not seasonally adjusted","Monthly","Canada;All-items","November 1983","2002=100","59.1","<a href=""https://www150.statcan.gc.ca/t1/tbl1/en/tv.action?pid=1810000401"">18-10-0004-01</a>"
"V41690973","Consumer Price Index, monthly, not seasonally adjusted","Monthly","Canada;All-items","December 1983","2002=100","59.2","<a href=""https://www150.statcan.gc.ca/t1/tbl1/en/tv.action?pid=1810000401"">18-10-0004-01</a>"
"V41690973","Consumer Price Index, monthly, not seasonally adjusted","Monthly","Canada;All-items","January 1984","2002=100","59.6","<a href=""https://www150.statcan.gc.ca/t1/tbl1/en/tv.action?pid=1810000401"">18-10-0004-01</a>"
"V41690973","Consumer Price Index, monthly, not seasonally adjusted","Monthly","Canada;All-items","February 1984","2002=100","59.9","<a href=""https://www150.statcan.gc.ca/t1/tbl1/en/tv.action?pid=1810000401"">18-10-0004-01</a>"
"V41690973","Consumer Price Index, monthly, not seasonally adjusted","Monthly","Canada;All-items","March 1984","2002=100","60.0","<a href=""https://www150.statcan.gc.ca/t1/tbl1/en/tv.action?pid=1810000401"">18-10-0004-01</a>"
"V41690973","Consumer Price Index, monthly, not seasonally adjusted","Monthly","Canada;All-items","April 1984","2002=100","60.2","<a href=""https://www150.statcan.gc.ca/t1/tbl1/en/tv.action?pid=1810000401"">18-10-0004-01</a>"
"V41690973","Consumer Price Index, monthly, not seasonally adjusted","Monthly","Canada;All-items","May 1984","2002=100","60.2","<a href=""https://www150.statcan.gc.ca/t1/tbl1/en/tv.action?pid=1810000401"">18-10-0004-01</a>"
"V41690973","Consumer Price Index, monthly, not seasonally adjusted","Monthly","Canada;All-items","June 1984","2002=100","60.6","<a href=""https://www150.statcan.gc.ca/t1/tbl1/en/tv.action?pid=1810000401"">18-10-0004-01</a>"
"V41690973","Consumer Price Index, monthly, not seasonally adjusted","Monthly","Canada;All-items","July 1984","2002=100","60.8","<a href=""https://www150.statcan.gc.ca/t1/tbl1/en/tv.action?pid=1810000401"">18-10-0004-01</a>"
"V41690973","Consumer Price Index, monthly, not seasonally adjusted","Monthly","Canada;All-items","August 1984","2002=100","60.8","<a href=""https://www150.statcan.gc.ca/t1/tbl1/en/tv.action?pid=1810000401"">18-10-0004-01</a>"
"V41690973","Consumer Price Index, monthly, not seasonally adjusted","Monthly","Canada;All-items","September 1984","2002=100","60.9","<a href=""https://www150.statcan.gc.ca/t1/tbl1/en/tv.action?pid=1810000401"">18-10-0004-01</a>"
"V41690973","Consumer Price Index, monthly, not seasonally adjusted","Monthly","Canada;All-items","October 1984","2002=100","61.1","<a href=""https://www150.statcan.gc.ca/t1/tbl1/en/tv.action?pid=1810000401"">18-10-0004-01</a>"
"V41690973","Consumer Price Index, monthly, not seasonally adjusted","Monthly","Canada;All-items","November 1984","2002=100","61.4","<a href=""https://www150.statcan.gc.ca/t1/tbl1/en/tv.action?pid=1810000401"">18-10-0004-01</a>"
"V41690973","Consumer Price Index, monthly, not seasonally adjusted","Monthly","Canada;All-items","December 1984","2002=100","61.4","<a href=""https://www150.statcan.gc.ca/t1/tbl1/en/tv.action?pid=1810000401"">18-10-0004-01</a>"
"V41690973","Consumer Price Index, monthly, not seasonally adjusted","Monthly","Canada;All-items","January 1985","2002=100","61.7","<a href=""https://www150.statcan.gc.ca/t1/tbl1/en/tv.action?pid=1810000401"">18-10-0004-01</a>"
"V41690973","Consumer Price Index, monthly, not seasonally adjusted","Monthly","Canada;All-items","February 1985","2002=100","62.1","<a href=""https://www150.statcan.gc.ca/t1/tbl1/en/tv.action?pid=1810000401"">18-10-0004-01</a>"
"V41690973","Consumer Price Index, monthly, not seasonally adjusted","Monthly","Canada;All-items","March 1985","2002=100","62.2","<a href=""https://www150.statcan.gc.ca/t1/tbl1/en/tv.action?pid=1810000401"">18-10-0004-01</a>"
"V41690973","Consumer Price Index, monthly, not seasonally adjusted","Monthly","Canada;All-items","April 1985","2002=100","62.5","<a href=""https://www150.statcan.gc.ca/t1/tbl1/en/tv.action?pid=1810000401"">18-10-0004-01</a>"
"V41690973","Consumer Price Index, monthly, not seasonally adjusted","Monthly","Canada;All-items","May 1985","2002=100","62.7","<a href=""https://www150.statcan.gc.ca/t1/tbl1/en/tv.action?pid=1810000401"">18-10-0004-01</a>"
"V41690973","Consumer Price Index, monthly, not seasonally adjusted","Monthly","Canada;All-items","June 1985","2002=100","63.0","<a href=""https://www150.statcan.gc.ca/t1/tbl1/en/tv.action?pid=1810000401"">18-10-0004-01</a>"
"V41690973","Consumer Price Index, monthly, not seasonally adjusted","Monthly","Canada;All-items","July 1985","2002=100","63.3","<a href=""https://www150.statcan.gc.ca/t1/tbl1/en/tv.action?pid=1810000401"">18-10-0004-01</a>"
"V41690973","Consumer Price Index, monthly, not seasonally adjusted","Monthly","Canada;All-items","August 1985","2002=100","63.3","<a href=""https://www150.statcan.gc.ca/t1/tbl1/en/tv.action?pid=1810000401"">18-10-0004-01</a>"
"V41690973","Consumer Price Index, monthly, not seasonally adjusted","Monthly","Canada;All-items","September 1985","2002=100","63.4","<a href=""https://www150.statcan.gc.ca/t1/tbl1/en/tv.action?pid=1810000401"">18-10-0004-01</a>"
"V41690973","Consumer Price Index, monthly, not seasonally adjusted","Monthly","Canada;All-items","October 1985","2002=100","63.6","<a href=""https://www150.statcan.gc.ca/t1/tbl1/en/tv.action?pid=1810000401"">18-10-0004-01</a>"
"V41690973","Consumer Price Index, monthly, not seasonally adjusted","Monthly","Canada;All-items","November 1985","2002=100","63.8","<a href=""https://www150.statcan.gc.ca/t1/tbl1/en/tv.action?pid=1810000401"">18-10-0004-01</a>"
"V41690973","Consumer Price Index, monthly, not seasonally adjusted","Monthly","Canada;All-items","December 1985","2002=100","64.1","<a href=""https://www150.statcan.gc.ca/t1/tbl1/en/tv.action?pid=1810000401"">18-10-0004-01</a>"
"V41690973","Consumer Price Index, monthly, not seasonally adjusted","Monthly","Canada;All-items","January 1986","2002=100","64.4","<a href=""https://www150.statcan.gc.ca/t1/tbl1/en/tv.action?pid=1810000401"">18-10-0004-01</a>"
"V41690973","Consumer Price Index, monthly, not seasonally adjusted","Monthly","Canada;All-items","February 1986","2002=100","64.7","<a href=""https://www150.statcan.gc.ca/t1/tbl1/en/tv.action?pid=1810000401"">18-10-0004-01</a>"
"V41690973","Consumer Price Index, monthly, not seasonally adjusted","Monthly","Canada;All-items","March 1986","2002=100","64.9","<a href=""https://www150.statcan.gc.ca/t1/tbl1/en/tv.action?pid=1810000401"">18-10-0004-01</a>"
"V41690973","Consumer Price Index, monthly, not seasonally adjusted","Monthly","Canada;All-items","April 1986","2002=100","64.9","<a href=""https://www150.statcan.gc.ca/t1/tbl1/en/tv.action?pid=1810000401"">18-10-0004-01</a>"
"V41690973","Consumer Price Index, monthly, not seasonally adjusted","Monthly","Canada;All-items","May 1986","2002=100","65.3","<a href=""https://www150.statcan.gc.ca/t1/tbl1/en/tv.action?pid=1810000401"">18-10-0004-01</a>"
"V41690973","Consumer Price Index, monthly, not seasonally adjusted","Monthly","Canada;All-items","June 1986","2002=100","65.4","<a href=""https://www150.statcan.gc.ca/t1/tbl1/en/tv.action?pid=1810000401"">18-10-0004-01</a>"
"V41690973","Consumer Price Index, monthly, not seasonally adjusted","Monthly","Canada;All-items","July 1986","2002=100","65.9","<a href=""https://www150.statcan.gc.ca/t1/tbl1/en/tv.action?pid=1810000401"">18-10-0004-01</a>"
"V41690973","Consumer Price Index, monthly, not seasonally adjusted","Monthly","Canada;All-items","August 1986","2002=100","66.0","<a href=""https://www150.statcan.gc.ca/t1/tbl1/en/tv.action?pid=1810000401"">18-10-0004-01</a>"
"V41690973","Consumer Price Index, monthly, not seasonally adjusted","Monthly","Canada;All-items","September 1986","2002=100","66.0","<a href=""https://www150.statcan.gc.ca/t1/tbl1/en/tv.action?pid=1810000401"">18-10-0004-01</a>"
"V41690973","Consumer Price Index, monthly, not seasonally adjusted","Monthly","Canada;All-items","October 1986","2002=100","66.4","<a href=""https://www150.statcan.gc.ca/t1/tbl1/en/tv.action?pid=1810000401"">18-10-0004-01</a>"
"V41690973","Consumer Price Index, monthly, not seasonally adjusted","Monthly","Canada;All-items","November 1986","2002=100","66.7","<a href=""https://www150.statcan.gc.ca/t1/tbl1/en/tv.action?pid=1810000401"">18-10-0004-01</a>"
"V41690973","Consumer Price Index, monthly, not seasonally adjusted","Monthly","Canada;All-items","December 1986","2002=100","66.8","<a href=""https://www150.statcan.gc.ca/t1/tbl1/en/tv.action?pid=1810000401"">18-10-0004-01</a>"
"V41690973","Consumer Price Index, monthly, not seasonally adjusted","Monthly","Canada;All-items","January 1987","2002=100","67.0","<a href=""https://www150.statcan.gc.ca/t1/tbl1/en/tv.action?pid=1810000401"">18-10-0004-01</a>"
"V41690973","Consumer Price Index, monthly, not seasonally adjusted","Monthly","Canada;All-items","February 1987","2002=100","67.3","<a href=""https://www150.statcan.gc.ca/t1/tbl1/en/tv.action?pid=1810000401"">18-10-0004-01</a>"
"V41690973","Consumer Price Index, monthly, not seasonally adjusted","Monthly","Canada;All-items","March 1987","2002=100","67.5","<a href=""https://www150.statcan.gc.ca/t1/tbl1/en/tv.action?pid=1810000401"">18-10-0004-01</a>"
"V41690973","Consumer Price Index, monthly, not seasonally adjusted","Monthly","Canada;All-items","April 1987","2002=100","67.9","<a href=""https://www150.statcan.gc.ca/t1/tbl1/en/tv.action?pid=1810000401"">18-10-0004-01</a>"
"V41690973","Consumer Price Index, monthly, not seasonally adjusted","Monthly","Canada;All-items","May 1987","2002=100","68.3","<a href=""https://www150.statcan.gc.ca/t1/tbl1/en/tv.action?pid=1810000401"">18-10-0004-01</a>"
"V41690973","Consumer Price Index, monthly, not seasonally adjusted","Monthly","Canada;All-items","June 1987","2002=100","68.5","<a href=""https://www150.statcan.gc.ca/t1/tbl1/en/tv.action?pid=1810000401"">18-10-0004-01</a>"
"V41690973","Consumer Price Index, monthly, not seasonally adjusted","Monthly","Canada;All-items","July 1987","2002=100","68.9","<a href=""https://www150.statcan.gc.ca/t1/tbl1/en/tv.action?pid=1810000401"">18-10-0004-01</a>"
"V41690973","Consumer Price Index, monthly, not seasonally adjusted","Monthly","Canada;All-items","August 1987","2002=100","69.0","<a href=""https://www150.statcan.gc.ca/t1/tbl1/en/tv.action?pid=1810000401"">18-10-0004-01</a>"
"V41690973","Consumer Price Index, monthly, not seasonally adjusted","Monthly","Canada;All-items","September 1987","2002=100","69.0","<a href=""https://www150.statcan.gc.ca/t1/tbl1/en/tv.action?pid=1810000401"">18-10-0004-01</a>"
"V41690973","Consumer Price Index, monthly, not seasonally adjusted","Monthly","Canada;All-items","October 1987","2002=100","69.2","<a href=""https://www150.statcan.gc.ca/t1/tbl1/en/tv.action?pid=1810000401"">18-10-0004-01</a>"
"V41690973","Consumer Price Index, monthly, not seasonally adjusted","Monthly","Canada;All-items","November 1987","2002=100","69.5","<a href=""https://www150.statcan.gc.ca/t1/tbl1/en/tv.action?pid=1810000401"">18-10-0004-01</a>"
"V41690973","Consumer Price Index, monthly, not seasonally adjusted","Monthly","Canada;All-items","December 1987","2002=100","69.6","<a href=""https://www150.statcan.gc.ca/t1/tbl1/en/tv.action?pid=1810000401"">18-10-0004-01</a>"
"V41690973","Consumer Price Index, monthly, not seasonally adjusted","Monthly","Canada;All-items","January 1988","2002=100","69.7","<a href=""https://www150.statcan.gc.ca/t1/tbl1/en/tv.action?pid=1810000401"">18-10-0004-01</a>"
"V41690973","Consumer Price Index, monthly, not seasonally adjusted","Monthly","Canada;All-items","February 1988","2002=100","70.0","<a href=""https://www150.statcan.gc.ca/t1/tbl1/en/tv.action?pid=1810000401"">18-10-0004-01</a>"
"V41690973","Consumer Price Index, monthly, not seasonally adjusted","Monthly","Canada;All-items","March 1988","2002=100","70.4","<a href=""https://www150.statcan.gc.ca/t1/tbl1/en/tv.action?pid=1810000401"">18-10-0004-01</a>"
"V41690973","Consumer Price Index, monthly, not seasonally adjusted","Monthly","Canada;All-items","April 1988","2002=100","70.6","<a href=""https://www150.statcan.gc.ca/t1/tbl1/en/tv.action?pid=1810000401"">18-10-0004-01</a>"
"V41690973","Consumer Price Index, monthly, not seasonally adjusted","Monthly","Canada;All-items","May 1988","2002=100","71.0","<a href=""https://www150.statcan.gc.ca/t1/tbl1/en/tv.action?pid=1810000401"">18-10-0004-01</a>"
"V41690973","Consumer Price Index, monthly, not seasonally adjusted","Monthly","Canada;All-items","June 1988","2002=100","71.2","<a href=""https://www150.statcan.gc.ca/t1/tbl1/en/tv.action?pid=1810000401"">18-10-0004-01</a>"
"V41690973","Consumer Price Index, monthly, not seasonally adjusted","Monthly","Canada;All-items","July 1988","2002=100","71.6","<a href=""https://www150.statcan.gc.ca/t1/tbl1/en/tv.action?pid=1810000401"">18-10-0004-01</a>"
"V41690973","Consumer Price Index, monthly, not seasonally adjusted","Monthly","Canada;All-items","August 1988","2002=100","71.7","<a href=""https://www150.statcan.gc.ca/t1/tbl1/en/tv.action?pid=1810000401"">18-10-0004-01</a>"
"V41690973","Consumer Price Index, monthly, not seasonally adjusted","Monthly","Canada;All-items","September 1988","2002=100","71.8","<a href=""https://www150.statcan.gc.ca/t1/tbl1/en/tv.action?pid=1810000401"">18-10-0004-01</a>"
"V41690973","Consumer Price Index, monthly, not seasonally adjusted","Monthly","Canada;All-items","October 1988","2002=100","72.2","<a href=""https://www150.statcan.gc.ca/t1/tbl1/en/tv.action?pid=1810000401"">18-10-0004-01</a>"
"V41690973","Consumer Price Index, monthly, not seasonally adjusted","Monthly","Canada;All-items","November 1988","2002=100","72.3","<a href=""https://www150.statcan.gc.ca/t1/tbl1/en/tv.action?pid=1810000401"">18-10-0004-01</a>"
"V41690973","Consumer Price Index, monthly, not seasonally adjusted","Monthly","Canada;All-items","December 1988","2002=100","72.3","<a href=""https://www150.statcan.gc.ca/t1/tbl1/en/tv.action?pid=1810000401"">18-10-0004-01</a>"
"V41690973","Consumer Price Index, monthly, not seasonally adjusted","Monthly","Canada;All-items","January 1989","2002=100","72.7","<a href=""https://www150.statcan.gc.ca/t1/tbl1/en/tv.action?pid=1810000401"">18-10-0004-01</a>"
"V41690973","Consumer Price Index, monthly, not seasonally adjusted","Monthly","Canada;All-items","February 1989","2002=100","73.2","<a href=""https://www150.statcan.gc.ca/t1/tbl1/en/tv.action?pid=1810000401"">18-10-0004-01</a>"
"V41690973","Consumer Price Index, monthly, not seasonally adjusted","Monthly","Canada;All-items","March 1989","2002=100","73.6","<a href=""https://www150.statcan.gc.ca/t1/tbl1/en/tv.action?pid=1810000401"">18-10-0004-01</a>"
"V41690973","Consumer Price Index, monthly, not seasonally adjusted","Monthly","Canada;All-items","April 1989","2002=100","73.8","<a href=""https://www150.statcan.gc.ca/t1/tbl1/en/tv.action?pid=1810000401"">18-10-0004-01</a>"
"V41690973","Consumer Price Index, monthly, not seasonally adjusted","Monthly","Canada;All-items","May 1989","2002=100","74.6","<a href=""https://www150.statcan.gc.ca/t1/tbl1/en/tv.action?pid=1810000401"">18-10-0004-01</a>"
"V41690973","Consumer Price Index, monthly, not seasonally adjusted","Monthly","Canada;All-items","June 1989","2002=100","74.9","<a href=""https://www150.statcan.gc.ca/t1/tbl1/en/tv.action?pid=1810000401"">18-10-0004-01</a>"
"V41690973","Consumer Price Index, monthly, not seasonally adjusted","Monthly","Canada;All-items","July 1989","2002=100","75.4","<a href=""https://www150.statcan.gc.ca/t1/tbl1/en/tv.action?pid=1810000401"">18-10-0004-01</a>"
"V41690973","Consumer Price Index, monthly, not seasonally adjusted","Monthly","Canada;All-items","August 1989","2002=100","75.5","<a href=""https://www150.statcan.gc.ca/t1/tbl1/en/tv.action?pid=1810000401"">18-10-0004-01</a>"
"V41690973","Consumer Price Index, monthly, not seasonally adjusted","Monthly","Canada;All-items","September 1989","2002=100","75.6","<a href=""https://www150.statcan.gc.ca/t1/tbl1/en/tv.action?pid=1810000401"">18-10-0004-01</a>"
"V41690973","Consumer Price Index, monthly, not seasonally adjusted","Monthly","Canada;All-items","October 1989","2002=100","75.9","<a href=""https://www150.statcan.gc.ca/t1/tbl1/en/tv.action?pid=1810000401"">18-10-0004-01</a>"
"V41690973","Consumer Price Index, monthly, not seasonally adjusted","Monthly","Canada;All-items","November 1989","2002=100","76.1","<a href=""https://www150.statcan.gc.ca/t1/tbl1/en/tv.action?pid=1810000401"">18-10-0004-01</a>"
"V41690973","Consumer Price Index, monthly, not seasonally adjusted","Monthly","Canada;All-items","December 1989","2002=100","76.1","<a href=""https://www150.statcan.gc.ca/t1/tbl1/en/tv.action?pid=1810000401"">18-10-0004-01</a>"
"V41690973","Consumer Price Index, monthly, not seasonally adjusted","Monthly","Canada;All-items","January 1990","2002=100","76.7","<a href=""https://www150.statcan.gc.ca/t1/tbl1/en/tv.action?pid=1810000401"">18-10-0004-01</a>"
"V41690973","Consumer Price Index, monthly, not seasonally adjusted","Monthly","Canada;All-items","February 1990","2002=100","77.2","<a href=""https://www150.statcan.gc.ca/t1/tbl1/en/tv.action?pid=1810000401"">18-10-0004-01</a>"
"V41690973","Consumer Price Index, monthly, not seasonally adjusted","Monthly","Canada;All-items","March 1990","2002=100","77.5","<a href=""https://www150.statcan.gc.ca/t1/tbl1/en/tv.action?pid=1810000401"">18-10-0004-01</a>"
"V41690973","Consumer Price Index, monthly, not seasonally adjusted","Monthly","Canada;All-items","April 1990","2002=100","77.5","<a href=""https://www150.statcan.gc.ca/t1/tbl1/en/tv.action?pid=1810000401"">18-10-0004-01</a>"
"V41690973","Consumer Price Index, monthly, not seasonally adjusted","Monthly","Canada;All-items","May 1990","2002=100","77.9","<a href=""https://www150.statcan.gc.ca/t1/tbl1/en/tv.action?pid=1810000401"">18-10-0004-01</a>"
"V41690973","Consumer Price Index, monthly, not seasonally adjusted","Monthly","Canada;All-items","June 1990","2002=100","78.2","<a href=""https://www150.statcan.gc.ca/t1/tbl1/en/tv.action?pid=1810000401"">18-10-0004-01</a>"
"V41690973","Consumer Price Index, monthly, not seasonally adjusted","Monthly","Canada;All-items","July 1990","2002=100","78.5","<a href=""https://www150.statcan.gc.ca/t1/tbl1/en/tv.action?pid=1810000401"">18-10-0004-01</a>"
"V41690973","Consumer Price Index, monthly, not seasonally adjusted","Monthly","Canada;All-items","August 1990","2002=100","78.6","<a href=""https://www150.statcan.gc.ca/t1/tbl1/en/tv.action?pid=1810000401"">18-10-0004-01</a>"
"V41690973","Consumer Price Index, monthly, not seasonally adjusted","Monthly","Canada;All-items","September 1990","2002=100","78.8","<a href=""https://www150.statcan.gc.ca/t1/tbl1/en/tv.action?pid=1810000401"">18-10-0004-01</a>"
"V41690973","Consumer Price Index, monthly, not seasonally adjusted","Monthly","Canada;All-items","October 1990","2002=100","79.5","<a href=""https://www150.statcan.gc.ca/t1/tbl1/en/tv.action?pid=1810000401"">18-10-0004-01</a>"
"V41690973","Consumer Price Index, monthly, not seasonally adjusted","Monthly","Canada;All-items","November 1990","2002=100","80.0","<a href=""https://www150.statcan.gc.ca/t1/tbl1/en/tv.action?pid=1810000401"">18-10-0004-01</a>"
"V41690973","Consumer Price Index, monthly, not seasonally adjusted","Monthly","Canada;All-items","December 1990","2002=100","79.9","<a href=""https://www150.statcan.gc.ca/t1/tbl1/en/tv.action?pid=1810000401"">18-10-0004-01</a>"
"V41690973","Consumer Price Index, monthly, not seasonally adjusted","Monthly","Canada;All-items","January 1991","2002=100","82.0","<a href=""https://www150.statcan.gc.ca/t1/tbl1/en/tv.action?pid=1810000401"">18-10-0004-01</a>"
"V41690973","Consumer Price Index, monthly, not seasonally adjusted","Monthly","Canada;All-items","February 1991","2002=100","82.0","<a href=""https://www150.statcan.gc.ca/t1/tbl1/en/tv.action?pid=1810000401"">18-10-0004-01</a>"
"V41690973","Consumer Price Index, monthly, not seasonally adjusted","Monthly","Canada;All-items","March 1991","2002=100","82.3","<a href=""https://www150.statcan.gc.ca/t1/tbl1/en/tv.action?pid=1810000401"">18-10-0004-01</a>"
"V41690973","Consumer Price Index, monthly, not seasonally adjusted","Monthly","Canada;All-items","April 1991","2002=100","82.3","<a href=""https://www150.statcan.gc.ca/t1/tbl1/en/tv.action?pid=1810000401"">18-10-0004-01</a>"
"V41690973","Consumer Price Index, monthly, not seasonally adjusted","Monthly","Canada;All-items","May 1991","2002=100","82.7","<a href=""https://www150.statcan.gc.ca/t1/tbl1/en/tv.action?pid=1810000401"">18-10-0004-01</a>"
"V41690973","Consumer Price Index, monthly, not seasonally adjusted","Monthly","Canada;All-items","June 1991","2002=100","83.1","<a href=""https://www150.statcan.gc.ca/t1/tbl1/en/tv.action?pid=1810000401"">18-10-0004-01</a>"
"V41690973","Consumer Price Index, monthly, not seasonally adjusted","Monthly","Canada;All-items","July 1991","2002=100","83.2","<a href=""https://www150.statcan.gc.ca/t1/tbl1/en/tv.action?pid=1810000401"">18-10-0004-01</a>"
"V41690973","Consumer Price Index, monthly, not seasonally adjusted","Monthly","Canada;All-items","August 1991","2002=100","83.3","<a href=""https://www150.statcan.gc.ca/t1/tbl1/en/tv.action?pid=1810000401"">18-10-0004-01</a>"
"V41690973","Consumer Price Index, monthly, not seasonally adjusted","Monthly","Canada;All-items","September 1991","2002=100","83.1","<a href=""https://www150.statcan.gc.ca/t1/tbl1/en/tv.action?pid=1810000401"">18-10-0004-01</a>"
"V41690973","Consumer Price Index, monthly, not seasonally adjusted","Monthly","Canada;All-items","October 1991","2002=100","83.0","<a href=""https://www150.statcan.gc.ca/t1/tbl1/en/tv.action?pid=1810000401"">18-10-0004-01</a>"
"V41690973","Consumer Price Index, monthly, not seasonally adjusted","Monthly","Canada;All-items","November 1991","2002=100","83.3","<a href=""https://www150.statcan.gc.ca/t1/tbl1/en/tv.action?pid=1810000401"">18-10-0004-01</a>"
"V41690973","Consumer Price Index, monthly, not seasonally adjusted","Monthly","Canada;All-items","December 1991","2002=100","82.9","<a href=""https://www150.statcan.gc.ca/t1/tbl1/en/tv.action?pid=1810000401"">18-10-0004-01</a>"
"V41690973","Consumer Price Index, monthly, not seasonally adjusted","Monthly","Canada;All-items","January 1992","2002=100","83.3","<a href=""https://www150.statcan.gc.ca/t1/tbl1/en/tv.action?pid=1810000401"">18-10-0004-01</a>"
"V41690973","Consumer Price Index, monthly, not seasonally adjusted","Monthly","Canada;All-items","February 1992","2002=100","83.3","<a href=""https://www150.statcan.gc.ca/t1/tbl1/en/tv.action?pid=1810000401"">18-10-0004-01</a>"
"V41690973","Consumer Price Index, monthly, not seasonally adjusted","Monthly","Canada;All-items","March 1992","2002=100","83.6","<a href=""https://www150.statcan.gc.ca/t1/tbl1/en/tv.action?pid=1810000401"">18-10-0004-01</a>"
"V41690973","Consumer Price Index, monthly, not seasonally adjusted","Monthly","Canada;All-items","April 1992","2002=100","83.7","<a href=""https://www150.statcan.gc.ca/t1/tbl1/en/tv.action?pid=1810000401"">18-10-0004-01</a>"
"V41690973","Consumer Price Index, monthly, not seasonally adjusted","Monthly","Canada;All-items","May 1992","2002=100","83.8","<a href=""https://www150.statcan.gc.ca/t1/tbl1/en/tv.action?pid=1810000401"">18-10-0004-01</a>"
"V41690973","Consumer Price Index, monthly, not seasonally adjusted","Monthly","Canada;All-items","June 1992","2002=100","84.0","<a href=""https://www150.statcan.gc.ca/t1/tbl1/en/tv.action?pid=1810000401"">18-10-0004-01</a>"
"V41690973","Consumer Price Index, monthly, not seasonally adjusted","Monthly","Canada;All-items","July 1992","2002=100","84.2","<a href=""https://www150.statcan.gc.ca/t1/tbl1/en/tv.action?pid=1810000401"">18-10-0004-01</a>"
"V41690973","Consumer Price Index, monthly, not seasonally adjusted","Monthly","Canada;All-items","August 1992","2002=100","84.2","<a href=""https://www150.statcan.gc.ca/t1/tbl1/en/tv.action?pid=1810000401"">18-10-0004-01</a>"
"V41690973","Consumer Price Index, monthly, not seasonally adjusted","Monthly","Canada;All-items","September 1992","2002=100","84.2","<a href=""https://www150.statcan.gc.ca/t1/tbl1/en/tv.action?pid=1810000401"">18-10-0004-01</a>"
"V41690973","Consumer Price Index, monthly, not seasonally adjusted","Monthly","Canada;All-items","October 1992","2002=100","84.3","<a href=""https://www150.statcan.gc.ca/t1/tbl1/en/tv.action?pid=1810000401"">18-10-0004-01</a>"
"V41690973","Consumer Price Index, monthly, not seasonally adjusted","Monthly","Canada;All-items","November 1992","2002=100","84.7","<a href=""https://www150.statcan.gc.ca/t1/tbl1/en/tv.action?pid=1810000401"">18-10-0004-01</a>"
"V41690973","Consumer Price Index, monthly, not seasonally adjusted","Monthly","Canada;All-items","December 1992","2002=100","84.7","<a href=""https://www150.statcan.gc.ca/t1/tbl1/en/tv.action?pid=1810000401"">18-10-0004-01</a>"
"V41690973","Consumer Price Index, monthly, not seasonally adjusted","Monthly","Canada;All-items","January 1993","2002=100","85.0","<a href=""https://www150.statcan.gc.ca/t1/tbl1/en/tv.action?pid=1810000401"">18-10-0004-01</a>"
"V41690973","Consumer Price Index, monthly, not seasonally adjusted","Monthly","Canada;All-items","February 1993","2002=100","85.3","<a href=""https://www150.statcan.gc.ca/t1/tbl1/en/tv.action?pid=1810000401"">18-10-0004-01</a>"
"V41690973","Consumer Price Index, monthly, not seasonally adjusted","Monthly","Canada;All-items","March 1993","2002=100","85.2","<a href=""https://www150.statcan.gc.ca/t1/tbl1/en/tv.action?pid=1810000401"">18-10-0004-01</a>"
"V41690973","Consumer Price Index, monthly, not seasonally adjusted","Monthly","Canada;All-items","April 1993","2002=100","85.2","<a href=""https://www150.statcan.gc.ca/t1/tbl1/en/tv.action?pid=1810000401"">18-10-0004-01</a>"
"V41690973","Consumer Price Index, monthly, not seasonally adjusted","Monthly","Canada;All-items","May 1993","2002=100","85.4","<a href=""https://www150.statcan.gc.ca/t1/tbl1/en/tv.action?pid=1810000401"">18-10-0004-01</a>"
"V41690973","Consumer Price Index, monthly, not seasonally adjusted","Monthly","Canada;All-items","June 1993","2002=100","85.4","<a href=""https://www150.statcan.gc.ca/t1/tbl1/en/tv.action?pid=1810000401"">18-10-0004-01</a>"
"V41690973","Consumer Price Index, monthly, not seasonally adjusted","Monthly","Canada;All-items","July 1993","2002=100","85.6","<a href=""https://www150.statcan.gc.ca/t1/tbl1/en/tv.action?pid=1810000401"">18-10-0004-01</a>"
"V41690973","Consumer Price Index, monthly, not seasonally adjusted","Monthly","Canada;All-items","August 1993","2002=100","85.7","<a href=""https://www150.statcan.gc.ca/t1/tbl1/en/tv.action?pid=1810000401"">18-10-0004-01</a>"
"V41690973","Consumer Price Index, monthly, not seasonally adjusted","Monthly","Canada;All-items","September 1993","2002=100","85.7","<a href=""https://www150.statcan.gc.ca/t1/tbl1/en/tv.action?pid=1810000401"">18-10-0004-01</a>"
"V41690973","Consumer Price Index, monthly, not seasonally adjusted","Monthly","Canada;All-items","October 1993","2002=100","85.9","<a href=""https://www150.statcan.gc.ca/t1/tbl1/en/tv.action?pid=1810000401"">18-10-0004-01</a>"
"V41690973","Consumer Price Index, monthly, not seasonally adjusted","Monthly","Canada;All-items","November 1993","2002=100","86.3","<a href=""https://www150.statcan.gc.ca/t1/tbl1/en/tv.action?pid=1810000401"">18-10-0004-01</a>"
"V41690973","Consumer Price Index, monthly, not seasonally adjusted","Monthly","Canada;All-items","December 1993","2002=100","86.1","<a href=""https://www150.statcan.gc.ca/t1/tbl1/en/tv.action?pid=1810000401"">18-10-0004-01</a>"
"V41690973","Consumer Price Index, monthly, not seasonally adjusted","Monthly","Canada;All-items","January 1994","2002=100","86.1","<a href=""https://www150.statcan.gc.ca/t1/tbl1/en/tv.action?pid=1810000401"">18-10-0004-01</a>"
"V41690973","Consumer Price Index, monthly, not seasonally adjusted","Monthly","Canada;All-items","February 1994","2002=100","85.4","<a href=""https://www150.statcan.gc.ca/t1/tbl1/en/tv.action?pid=1810000401"">18-10-0004-01</a>"
"V41690973","Consumer Price Index, monthly, not seasonally adjusted","Monthly","Canada;All-items","March 1994","2002=100","85.4","<a href=""https://www150.statcan.gc.ca/t1/tbl1/en/tv.action?pid=1810000401"">18-10-0004-01</a>"
"V41690973","Consumer Price Index, monthly, not seasonally adjusted","Monthly","Canada;All-items","April 1994","2002=100","85.4","<a href=""https://www150.statcan.gc.ca/t1/tbl1/en/tv.action?pid=1810000401"">18-10-0004-01</a>"
"V41690973","Consumer Price Index, monthly, not seasonally adjusted","Monthly","Canada;All-items","May 1994","2002=100","85.2","<a href=""https://www150.statcan.gc.ca/t1/tbl1/en/tv.action?pid=1810000401"">18-10-0004-01</a>"
"V41690973","Consumer Price Index, monthly, not seasonally adjusted","Monthly","Canada;All-items","June 1994","2002=100","85.4","<a href=""https://www150.statcan.gc.ca/t1/tbl1/en/tv.action?pid=1810000401"">18-10-0004-01</a>"
"V41690973","Consumer Price Index, monthly, not seasonally adjusted","Monthly","Canada;All-items","July 1994","2002=100","85.7","<a href=""https://www150.statcan.gc.ca/t1/tbl1/en/tv.action?pid=1810000401"">18-10-0004-01</a>"
"V41690973","Consumer Price Index, monthly, not seasonally adjusted","Monthly","Canada;All-items","August 1994","2002=100","85.8","<a href=""https://www150.statcan.gc.ca/t1/tbl1/en/tv.action?pid=1810000401"">18-10-0004-01</a>"
"V41690973","Consumer Price Index, monthly, not seasonally adjusted","Monthly","Canada;All-items","September 1994","2002=100","85.9","<a href=""https://www150.statcan.gc.ca/t1/tbl1/en/tv.action?pid=1810000401"">18-10-0004-01</a>"
"V41690973","Consumer Price Index, monthly, not seasonally adjusted","Monthly","Canada;All-items","October 1994","2002=100","85.7","<a href=""https://www150.statcan.gc.ca/t1/tbl1/en/tv.action?pid=1810000401"">18-10-0004-01</a>"
"V41690973","Consumer Price Index, monthly, not seasonally adjusted","Monthly","Canada;All-items","November 1994","2002=100","86.2","<a href=""https://www150.statcan.gc.ca/t1/tbl1/en/tv.action?pid=1810000401"">18-10-0004-01</a>"
"V41690973","Consumer Price Index, monthly, not seasonally adjusted","Monthly","Canada;All-items","December 1994","2002=100","86.3","<a href=""https://www150.statcan.gc.ca/t1/tbl1/en/tv.action?pid=1810000401"">18-10-0004-01</a>"
"V41690973","Consumer Price Index, monthly, not seasonally adjusted","Monthly","Canada;All-items","January 1995","2002=100","86.6","<a href=""https://www150.statcan.gc.ca/t1/tbl1/en/tv.action?pid=1810000401"">18-10-0004-01</a>"
"V41690973","Consumer Price Index, monthly, not seasonally adjusted","Monthly","Canada;All-items","February 1995","2002=100","87.0","<a href=""https://www150.statcan.gc.ca/t1/tbl1/en/tv.action?pid=1810000401"">18-10-0004-01</a>"
"V41690973","Consumer Price Index, monthly, not seasonally adjusted","Monthly","Canada;All-items","March 1995","2002=100","87.2","<a href=""https://www150.statcan.gc.ca/t1/tbl1/en/tv.action?pid=1810000401"">18-10-0004-01</a>"
"V41690973","Consumer Price Index, monthly, not seasonally adjusted","Monthly","Canada;All-items","April 1995","2002=100","87.5","<a href=""https://www150.statcan.gc.ca/t1/tbl1/en/tv.action?pid=1810000401"">18-10-0004-01</a>"
"V41690973","Consumer Price Index, monthly, not seasonally adjusted","Monthly","Canada;All-items","May 1995","2002=100","87.7","<a href=""https://www150.statcan.gc.ca/t1/tbl1/en/tv.action?pid=1810000401"">18-10-0004-01</a>"
"V41690973","Consumer Price Index, monthly, not seasonally adjusted","Monthly","Canada;All-items","June 1995","2002=100","87.7","<a href=""https://www150.statcan.gc.ca/t1/tbl1/en/tv.action?pid=1810000401"">18-10-0004-01</a>"
"V41690973","Consumer Price Index, monthly, not seasonally adjusted","Monthly","Canada;All-items","July 1995","2002=100","87.9","<a href=""https://www150.statcan.gc.ca/t1/tbl1/en/tv.action?pid=1810000401"">18-10-0004-01</a>"
"V41690973","Consumer Price Index, monthly, not seasonally adjusted","Monthly","Canada;All-items","August 1995","2002=100","87.7","<a href=""https://www150.statcan.gc.ca/t1/tbl1/en/tv.action?pid=1810000401"">18-10-0004-01</a>"
"V41690973","Consumer Price Index, monthly, not seasonally adjusted","Monthly","Canada;All-items","September 1995","2002=100","87.8","<a href=""https://www150.statcan.gc.ca/t1/tbl1/en/tv.action?pid=1810000401"">18-10-0004-01</a>"
"V41690973","Consumer Price Index, monthly, not seasonally adjusted","Monthly","Canada;All-items","October 1995","2002=100","87.7","<a href=""https://www150.statcan.gc.ca/t1/tbl1/en/tv.action?pid=1810000401"">18-10-0004-01</a>"
"V41690973","Consumer Price Index, monthly, not seasonally adjusted","Monthly","Canada;All-items","November 1995","2002=100","88.0","<a href=""https://www150.statcan.gc.ca/t1/tbl1/en/tv.action?pid=1810000401"">18-10-0004-01</a>"
"V41690973","Consumer Price Index, monthly, not seasonally adjusted","Monthly","Canada;All-items","December 1995","2002=100","87.8","<a href=""https://www150.statcan.gc.ca/t1/tbl1/en/tv.action?pid=1810000401"">18-10-0004-01</a>"
"V41690973","Consumer Price Index, monthly, not seasonally adjusted","Monthly","Canada;All-items","January 1996","2002=100","88.0","<a href=""https://www150.statcan.gc.ca/t1/tbl1/en/tv.action?pid=1810000401"">18-10-0004-01</a>"
"V41690973","Consumer Price Index, monthly, not seasonally adjusted","Monthly","Canada;All-items","February 1996","2002=100","88.1","<a href=""https://www150.statcan.gc.ca/t1/tbl1/en/tv.action?pid=1810000401"">18-10-0004-01</a>"
"V41690973","Consumer Price Index, monthly, not seasonally adjusted","Monthly","Canada;All-items","March 1996","2002=100","88.5","<a href=""https://www150.statcan.gc.ca/t1/tbl1/en/tv.action?pid=1810000401"">18-10-0004-01</a>"
"V41690973","Consumer Price Index, monthly, not seasonally adjusted","Monthly","Canada;All-items","April 1996","2002=100","88.7","<a href=""https://www150.statcan.gc.ca/t1/tbl1/en/tv.action?pid=1810000401"">18-10-0004-01</a>"
"V41690973","Consumer Price Index, monthly, not seasonally adjusted","Monthly","Canada;All-items","May 1996","2002=100","89.0","<a href=""https://www150.statcan.gc.ca/t1/tbl1/en/tv.action?pid=1810000401"">18-10-0004-01</a>"
"V41690973","Consumer Price Index, monthly, not seasonally adjusted","Monthly","Canada;All-items","June 1996","2002=100","89.0","<a href=""https://www150.statcan.gc.ca/t1/tbl1/en/tv.action?pid=1810000401"">18-10-0004-01</a>"
"V41690973","Consumer Price Index, monthly, not seasonally adjusted","Monthly","Canada;All-items","July 1996","2002=100","89.0","<a href=""https://www150.statcan.gc.ca/t1/tbl1/en/tv.action?pid=1810000401"">18-10-0004-01</a>"
"V41690973","Consumer Price Index, monthly, not seasonally adjusted","Monthly","Canada;All-items","August 1996","2002=100","89.0","<a href=""https://www150.statcan.gc.ca/t1/tbl1/en/tv.action?pid=1810000401"">18-10-0004-01</a>"
"V41690973","Consumer Price Index, monthly, not seasonally adjusted","Monthly","Canada;All-items","September 1996","2002=100","89.1","<a href=""https://www150.statcan.gc.ca/t1/tbl1/en/tv.action?pid=1810000401"">18-10-0004-01</a>"
"V41690973","Consumer Price Index, monthly, not seasonally adjusted","Monthly","Canada;All-items","October 1996","2002=100","89.3","<a href=""https://www150.statcan.gc.ca/t1/tbl1/en/tv.action?pid=1810000401"">18-10-0004-01</a>"
"V41690973","Consumer Price Index, monthly, not seasonally adjusted","Monthly","Canada;All-items","November 1996","2002=100","89.7","<a href=""https://www150.statcan.gc.ca/t1/tbl1/en/tv.action?pid=1810000401"">18-10-0004-01</a>"
"V41690973","Consumer Price Index, monthly, not seasonally adjusted","Monthly","Canada;All-items","December 1996","2002=100","89.7","<a href=""https://www150.statcan.gc.ca/t1/tbl1/en/tv.action?pid=1810000401"">18-10-0004-01</a>"
"V41690973","Consumer Price Index, monthly, not seasonally adjusted","Monthly","Canada;All-items","January 1997","2002=100","89.9","<a href=""https://www150.statcan.gc.ca/t1/tbl1/en/tv.action?pid=1810000401"">18-10-0004-01</a>"
"V41690973","Consumer Price Index, monthly, not seasonally adjusted","Monthly","Canada;All-items","February 1997","2002=100","90.1","<a href=""https://www150.statcan.gc.ca/t1/tbl1/en/tv.action?pid=1810000401"">18-10-0004-01</a>"
"V41690973","Consumer Price Index, monthly, not seasonally adjusted","Monthly","Canada;All-items","March 1997","2002=100","90.2","<a href=""https://www150.statcan.gc.ca/t1/tbl1/en/tv.action?pid=1810000401"">18-10-0004-01</a>"
"V41690973","Consumer Price Index, monthly, not seasonally adjusted","Monthly","Canada;All-items","April 1997","2002=100","90.2","<a href=""https://www150.statcan.gc.ca/t1/tbl1/en/tv.action?pid=1810000401"">18-10-0004-01</a>"
"V41690973","Consumer Price Index, monthly, not seasonally adjusted","Monthly","Canada;All-items","May 1997","2002=100","90.3","<a href=""https://www150.statcan.gc.ca/t1/tbl1/en/tv.action?pid=1810000401"">18-10-0004-01</a>"
"V41690973","Consumer Price Index, monthly, not seasonally adjusted","Monthly","Canada;All-items","June 1997","2002=100","90.5","<a href=""https://www150.statcan.gc.ca/t1/tbl1/en/tv.action?pid=1810000401"">18-10-0004-01</a>"
"V41690973","Consumer Price Index, monthly, not seasonally adjusted","Monthly","Canada;All-items","July 1997","2002=100","90.5","<a href=""https://www150.statcan.gc.ca/t1/tbl1/en/tv.action?pid=1810000401"">18-10-0004-01</a>"
"V41690973","Consumer Price Index, monthly, not seasonally adjusted","Monthly","Canada;All-items","August 1997","2002=100","90.6","<a href=""https://www150.statcan.gc.ca/t1/tbl1/en/tv.action?pid=1810000401"">18-10-0004-01</a>"
"V41690973","Consumer Price Index, monthly, not seasonally adjusted","Monthly","Canada;All-items","September 1997","2002=100","90.6","<a href=""https://www150.statcan.gc.ca/t1/tbl1/en/tv.action?pid=1810000401"">18-10-0004-01</a>"
"V41690973","Consumer Price Index, monthly, not seasonally adjusted","Monthly","Canada;All-items","October 1997","2002=100","90.6","<a href=""https://www150.statcan.gc.ca/t1/tbl1/en/tv.action?pid=1810000401"">18-10-0004-01</a>"
"V41690973","Consumer Price Index, monthly, not seasonally adjusted","Monthly","Canada;All-items","November 1997","2002=100","90.5","<a href=""https://www150.statcan.gc.ca/t1/tbl1/en/tv.action?pid=1810000401"">18-10-0004-01</a>"
"V41690973","Consumer Price Index, monthly, not seasonally adjusted","Monthly","Canada;All-items","December 1997","2002=100","90.4","<a href=""https://www150.statcan.gc.ca/t1/tbl1/en/tv.action?pid=1810000401"">18-10-0004-01</a>"
"V41690973","Consumer Price Index, monthly, not seasonally adjusted","Monthly","Canada;All-items","January 1998","2002=100","90.9","<a href=""https://www150.statcan.gc.ca/t1/tbl1/en/tv.action?pid=1810000401"">18-10-0004-01</a>"
"V41690973","Consumer Price Index, monthly, not seasonally adjusted","Monthly","Canada;All-items","February 1998","2002=100","91.0","<a href=""https://www150.statcan.gc.ca/t1/tbl1/en/tv.action?pid=1810000401"">18-10-0004-01</a>"
"V41690973","Consumer Price Index, monthly, not seasonally adjusted","Monthly","Canada;All-items","March 1998","2002=100","91.1","<a href=""https://www150.statcan.gc.ca/t1/tbl1/en/tv.action?pid=1810000401"">18-10-0004-01</a>"
"V41690973","Consumer Price Index, monthly, not seasonally adjusted","Monthly","Canada;All-items","April 1998","2002=100","91.0","<a href=""https://www150.statcan.gc.ca/t1/tbl1/en/tv.action?pid=1810000401"">18-10-0004-01</a>"
"V41690973","Consumer Price Index, monthly, not seasonally adjusted","Monthly","Canada;All-items","May 1998","2002=100","91.3","<a href=""https://www150.statcan.gc.ca/t1/tbl1/en/tv.action?pid=1810000401"">18-10-0004-01</a>"
"V41690973","Consumer Price Index, monthly, not seasonally adjusted","Monthly","Canada;All-items","June 1998","2002=100","91.4","<a href=""https://www150.statcan.gc.ca/t1/tbl1/en/tv.action?pid=1810000401"">18-10-0004-01</a>"
"V41690973","Consumer Price Index, monthly, not seasonally adjusted","Monthly","Canada;All-items","July 1998","2002=100","91.4","<a href=""https://www150.statcan.gc.ca/t1/tbl1/en/tv.action?pid=1810000401"">18-10-0004-01</a>"
"V41690973","Consumer Price Index, monthly, not seasonally adjusted","Monthly","Canada;All-items","August 1998","2002=100","91.4","<a href=""https://www150.statcan.gc.ca/t1/tbl1/en/tv.action?pid=1810000401"">18-10-0004-01</a>"
"V41690973","Consumer Price Index, monthly, not seasonally adjusted","Monthly","Canada;All-items","September 1998","2002=100","91.2","<a href=""https://www150.statcan.gc.ca/t1/tbl1/en/tv.action?pid=1810000401"">18-10-0004-01</a>"
"V41690973","Consumer Price Index, monthly, not seasonally adjusted","Monthly","Canada;All-items","October 1998","2002=100","91.6","<a href=""https://www150.statcan.gc.ca/t1/tbl1/en/tv.action?pid=1810000401"">18-10-0004-01</a>"
"V41690973","Consumer Price Index, monthly, not seasonally adjusted","Monthly","Canada;All-items","November 1998","2002=100","91.6","<a href=""https://www150.statcan.gc.ca/t1/tbl1/en/tv.action?pid=1810000401"">18-10-0004-01</a>"
"V41690973","Consumer Price Index, monthly, not seasonally adjusted","Monthly","Canada;All-items","December 1998","2002=100","91.3","<a href=""https://www150.statcan.gc.ca/t1/tbl1/en/tv.action?pid=1810000401"">18-10-0004-01</a>"
"V41690973","Consumer Price Index, monthly, not seasonally adjusted","Monthly","Canada;All-items","January 1999","2002=100","91.5","<a href=""https://www150.statcan.gc.ca/t1/tbl1/en/tv.action?pid=1810000401"">18-10-0004-01</a>"
"V41690973","Consumer Price Index, monthly, not seasonally adjusted","Monthly","Canada;All-items","February 1999","2002=100","91.6","<a href=""https://www150.statcan.gc.ca/t1/tbl1/en/tv.action?pid=1810000401"">18-10-0004-01</a>"
"V41690973","Consumer Price Index, monthly, not seasonally adjusted","Monthly","Canada;All-items","March 1999","2002=100","92.0","<a href=""https://www150.statcan.gc.ca/t1/tbl1/en/tv.action?pid=1810000401"">18-10-0004-01</a>"
"V41690973","Consumer Price Index, monthly, not seasonally adjusted","Monthly","Canada;All-items","April 1999","2002=100","92.5","<a href=""https://www150.statcan.gc.ca/t1/tbl1/en/tv.action?pid=1810000401"">18-10-0004-01</a>"
"V41690973","Consumer Price Index, monthly, not seasonally adjusted","Monthly","Canada;All-items","May 1999","2002=100","92.7","<a href=""https://www150.statcan.gc.ca/t1/tbl1/en/tv.action?pid=1810000401"">18-10-0004-01</a>"
"V41690973","Consumer Price Index, monthly, not seasonally adjusted","Monthly","Canada;All-items","June 1999","2002=100","92.9","<a href=""https://www150.statcan.gc.ca/t1/tbl1/en/tv.action?pid=1810000401"">18-10-0004-01</a>"
"V41690973","Consumer Price Index, monthly, not seasonally adjusted","Monthly","Canada;All-items","July 1999","2002=100","93.1","<a href=""https://www150.statcan.gc.ca/t1/tbl1/en/tv.action?pid=1810000401"">18-10-0004-01</a>"
"V41690973","Consumer Price Index, monthly, not seasonally adjusted","Monthly","Canada;All-items","August 1999","2002=100","93.3","<a href=""https://www150.statcan.gc.ca/t1/tbl1/en/tv.action?pid=1810000401"">18-10-0004-01</a>"
"V41690973","Consumer Price Index, monthly, not seasonally adjusted","Monthly","Canada;All-items","September 1999","2002=100","93.6","<a href=""https://www150.statcan.gc.ca/t1/tbl1/en/tv.action?pid=1810000401"">18-10-0004-01</a>"
"V41690973","Consumer Price Index, monthly, not seasonally adjusted","Monthly","Canada;All-items","October 1999","2002=100","93.7","<a href=""https://www150.statcan.gc.ca/t1/tbl1/en/tv.action?pid=1810000401"">18-10-0004-01</a>"
"V41690973","Consumer Price Index, monthly, not seasonally adjusted","Monthly","Canada;All-items","November 1999","2002=100","93.6","<a href=""https://www150.statcan.gc.ca/t1/tbl1/en/tv.action?pid=1810000401"">18-10-0004-01</a>"
"V41690973","Consumer Price Index, monthly, not seasonally adjusted","Monthly","Canada;All-items","December 1999","2002=100","93.7","<a href=""https://www150.statcan.gc.ca/t1/tbl1/en/tv.action?pid=1810000401"">18-10-0004-01</a>"
"V41690973","Consumer Price Index, monthly, not seasonally adjusted","Monthly","Canada;All-items","January 2000","2002=100","93.5","<a href=""https://www150.statcan.gc.ca/t1/tbl1/en/tv.action?pid=1810000401"">18-10-0004-01</a>"
"V41690973","Consumer Price Index, monthly, not seasonally adjusted","Monthly","Canada;All-items","February 2000","2002=100","94.1","<a href=""https://www150.statcan.gc.ca/t1/tbl1/en/tv.action?pid=1810000401"">18-10-0004-01</a>"
"V41690973","Consumer Price Index, monthly, not seasonally adjusted","Monthly","Canada;All-items","March 2000","2002=100","94.8","<a href=""https://www150.statcan.gc.ca/t1/tbl1/en/tv.action?pid=1810000401"">18-10-0004-01</a>"
"V41690973","Consumer Price Index, monthly, not seasonally adjusted","Monthly","Canada;All-items","April 2000","2002=100","94.5","<a href=""https://www150.statcan.gc.ca/t1/tbl1/en/tv.action?pid=1810000401"">18-10-0004-01</a>"
"V41690973","Consumer Price Index, monthly, not seasonally adjusted","Monthly","Canada;All-items","May 2000","2002=100","94.9","<a href=""https://www150.statcan.gc.ca/t1/tbl1/en/tv.action?pid=1810000401"">18-10-0004-01</a>"
"V41690973","Consumer Price Index, monthly, not seasonally adjusted","Monthly","Canada;All-items","June 2000","2002=100","95.5","<a href=""https://www150.statcan.gc.ca/t1/tbl1/en/tv.action?pid=1810000401"">18-10-0004-01</a>"
"V41690973","Consumer Price Index, monthly, not seasonally adjusted","Monthly","Canada;All-items","July 2000","2002=100","95.8","<a href=""https://www150.statcan.gc.ca/t1/tbl1/en/tv.action?pid=1810000401"">18-10-0004-01</a>"
"V41690973","Consumer Price Index, monthly, not seasonally adjusted","Monthly","Canada;All-items","August 2000","2002=100","95.7","<a href=""https://www150.statcan.gc.ca/t1/tbl1/en/tv.action?pid=1810000401"">18-10-0004-01</a>"
"V41690973","Consumer Price Index, monthly, not seasonally adjusted","Monthly","Canada;All-items","September 2000","2002=100","96.1","<a href=""https://www150.statcan.gc.ca/t1/tbl1/en/tv.action?pid=1810000401"">18-10-0004-01</a>"
"V41690973","Consumer Price Index, monthly, not seasonally adjusted","Monthly","Canada;All-items","October 2000","2002=100","96.3","<a href=""https://www150.statcan.gc.ca/t1/tbl1/en/tv.action?pid=1810000401"">18-10-0004-01</a>"
"V41690973","Consumer Price Index, monthly, not seasonally adjusted","Monthly","Canada;All-items","November 2000","2002=100","96.6","<a href=""https://www150.statcan.gc.ca/t1/tbl1/en/tv.action?pid=1810000401"">18-10-0004-01</a>"
"V41690973","Consumer Price Index, monthly, not seasonally adjusted","Monthly","Canada;All-items","December 2000","2002=100","96.7","<a href=""https://www150.statcan.gc.ca/t1/tbl1/en/tv.action?pid=1810000401"">18-10-0004-01</a>"
"V41690973","Consumer Price Index, monthly, not seasonally adjusted","Monthly","Canada;All-items","January 2001","2002=100","96.3","<a href=""https://www150.statcan.gc.ca/t1/tbl1/en/tv.action?pid=1810000401"">18-10-0004-01</a>"
"V41690973","Consumer Price Index, monthly, not seasonally adjusted","Monthly","Canada;All-items","February 2001","2002=100","96.8","<a href=""https://www150.statcan.gc.ca/t1/tbl1/en/tv.action?pid=1810000401"">18-10-0004-01</a>"
"V41690973","Consumer Price Index, monthly, not seasonally adjusted","Monthly","Canada;All-items","March 2001","2002=100","97.1","<a href=""https://www150.statcan.gc.ca/t1/tbl1/en/tv.action?pid=1810000401"">18-10-0004-01</a>"
"V41690973","Consumer Price Index, monthly, not seasonally adjusted","Monthly","Canada;All-items","April 2001","2002=100","97.8","<a href=""https://www150.statcan.gc.ca/t1/tbl1/en/tv.action?pid=1810000401"">18-10-0004-01</a>"
"V41690973","Consumer Price Index, monthly, not seasonally adjusted","Monthly","Canada;All-items","May 2001","2002=100","98.6","<a href=""https://www150.statcan.gc.ca/t1/tbl1/en/tv.action?pid=1810000401"">18-10-0004-01</a>"
"V41690973","Consumer Price Index, monthly, not seasonally adjusted","Monthly","Canada;All-items","June 2001","2002=100","98.7","<a href=""https://www150.statcan.gc.ca/t1/tbl1/en/tv.action?pid=1810000401"">18-10-0004-01</a>"
"V41690973","Consumer Price Index, monthly, not seasonally adjusted","Monthly","Canada;All-items","July 2001","2002=100","98.4","<a href=""https://www150.statcan.gc.ca/t1/tbl1/en/tv.action?pid=1810000401"">18-10-0004-01</a>"
"V41690973","Consumer Price Index, monthly, not seasonally adjusted","Monthly","Canada;All-items","August 2001","2002=100","98.4","<a href=""https://www150.statcan.gc.ca/t1/tbl1/en/tv.action?pid=1810000401"">18-10-0004-01</a>"
"V41690973","Consumer Price Index, monthly, not seasonally adjusted","Monthly","Canada;All-items","September 2001","2002=100","98.6","<a href=""https://www150.statcan.gc.ca/t1/tbl1/en/tv.action?pid=1810000401"">18-10-0004-01</a>"
"V41690973","Consumer Price Index, monthly, not seasonally adjusted","Monthly","Canada;All-items","October 2001","2002=100","98.1","<a href=""https://www150.statcan.gc.ca/t1/tbl1/en/tv.action?pid=1810000401"">18-10-0004-01</a>"
"V41690973","Consumer Price Index, monthly, not seasonally adjusted","Monthly","Canada;All-items","November 2001","2002=100","97.2","<a href=""https://www150.statcan.gc.ca/t1/tbl1/en/tv.action?pid=1810000401"">18-10-0004-01</a>"
"V41690973","Consumer Price Index, monthly, not seasonally adjusted","Monthly","Canada;All-items","December 2001","2002=100","97.4","<a href=""https://www150.statcan.gc.ca/t1/tbl1/en/tv.action?pid=1810000401"">18-10-0004-01</a>"
"V41690973","Consumer Price Index, monthly, not seasonally adjusted","Monthly","Canada;All-items","January 2002","2002=100","97.6","<a href=""https://www150.statcan.gc.ca/t1/tbl1/en/tv.action?pid=1810000401"">18-10-0004-01</a>"
"V41690973","Consumer Price Index, monthly, not seasonally adjusted","Monthly","Canada;All-items","February 2002","2002=100","98.2","<a href=""https://www150.statcan.gc.ca/t1/tbl1/en/tv.action?pid=1810000401"">18-10-0004-01</a>"
"V41690973","Consumer Price Index, monthly, not seasonally adjusted","Monthly","Canada;All-items","March 2002","2002=100","98.9","<a href=""https://www150.statcan.gc.ca/t1/tbl1/en/tv.action?pid=1810000401"">18-10-0004-01</a>"
"V41690973","Consumer Price Index, monthly, not seasonally adjusted","Monthly","Canada;All-items","April 2002","2002=100","99.5","<a href=""https://www150.statcan.gc.ca/t1/tbl1/en/tv.action?pid=1810000401"">18-10-0004-01</a>"
"V41690973","Consumer Price Index, monthly, not seasonally adjusted","Monthly","Canada;All-items","May 2002","2002=100","99.7","<a href=""https://www150.statcan.gc.ca/t1/tbl1/en/tv.action?pid=1810000401"">18-10-0004-01</a>"
"V41690973","Consumer Price Index, monthly, not seasonally adjusted","Monthly","Canada;All-items","June 2002","2002=100","99.9","<a href=""https://www150.statcan.gc.ca/t1/tbl1/en/tv.action?pid=1810000401"">18-10-0004-01</a>"
"V41690973","Consumer Price Index, monthly, not seasonally adjusted","Monthly","Canada;All-items","July 2002","2002=100","100.5","<a href=""https://www150.statcan.gc.ca/t1/tbl1/en/tv.action?pid=1810000401"">18-10-0004-01</a>"
"V41690973","Consumer Price Index, monthly, not seasonally adjusted","Monthly","Canada;All-items","August 2002","2002=100","100.9","<a href=""https://www150.statcan.gc.ca/t1/tbl1/en/tv.action?pid=1810000401"">18-10-0004-01</a>"
"V41690973","Consumer Price Index, monthly, not seasonally adjusted","Monthly","Canada;All-items","September 2002","2002=100","100.9","<a href=""https://www150.statcan.gc.ca/t1/tbl1/en/tv.action?pid=1810000401"">18-10-0004-01</a>"
"V41690973","Consumer Price Index, monthly, not seasonally adjusted","Monthly","Canada;All-items","October 2002","2002=100","101.2","<a href=""https://www150.statcan.gc.ca/t1/tbl1/en/tv.action?pid=1810000401"">18-10-0004-01</a>"
"V41690973","Consumer Price Index, monthly, not seasonally adjusted","Monthly","Canada;All-items","November 2002","2002=100","101.5","<a href=""https://www150.statcan.gc.ca/t1/tbl1/en/tv.action?pid=1810000401"">18-10-0004-01</a>"
"V41690973","Consumer Price Index, monthly, not seasonally adjusted","Monthly","Canada;All-items","December 2002","2002=100","101.1","<a href=""https://www150.statcan.gc.ca/t1/tbl1/en/tv.action?pid=1810000401"">18-10-0004-01</a>"
"V41690973","Consumer Price Index, monthly, not seasonally adjusted","Monthly","Canada;All-items","January 2003","2002=100","102.0","<a href=""https://www150.statcan.gc.ca/t1/tbl1/en/tv.action?pid=1810000401"">18-10-0004-01</a>"
"V41690973","Consumer Price Index, monthly, not seasonally adjusted","Monthly","Canada;All-items","February 2003","2002=100","102.8","<a href=""https://www150.statcan.gc.ca/t1/tbl1/en/tv.action?pid=1810000401"">18-10-0004-01</a>"
"V41690973","Consumer Price Index, monthly, not seasonally adjusted","Monthly","Canada;All-items","March 2003","2002=100","103.1","<a href=""https://www150.statcan.gc.ca/t1/tbl1/en/tv.action?pid=1810000401"">18-10-0004-01</a>"
"V41690973","Consumer Price Index, monthly, not seasonally adjusted","Monthly","Canada;All-items","April 2003","2002=100","102.4","<a href=""https://www150.statcan.gc.ca/t1/tbl1/en/tv.action?pid=1810000401"">18-10-0004-01</a>"
"V41690973","Consumer Price Index, monthly, not seasonally adjusted","Monthly","Canada;All-items","May 2003","2002=100","102.5","<a href=""https://www150.statcan.gc.ca/t1/tbl1/en/tv.action?pid=1810000401"">18-10-0004-01</a>"
"V41690973","Consumer Price Index, monthly, not seasonally adjusted","Monthly","Canada;All-items","June 2003","2002=100","102.5","<a href=""https://www150.statcan.gc.ca/t1/tbl1/en/tv.action?pid=1810000401"">18-10-0004-01</a>"
"V41690973","Consumer Price Index, monthly, not seasonally adjusted","Monthly","Canada;All-items","July 2003","2002=100","102.6","<a href=""https://www150.statcan.gc.ca/t1/tbl1/en/tv.action?pid=1810000401"">18-10-0004-01</a>"
"V41690973","Consumer Price Index, monthly, not seasonally adjusted","Monthly","Canada;All-items","August 2003","2002=100","102.9","<a href=""https://www150.statcan.gc.ca/t1/tbl1/en/tv.action?pid=1810000401"">18-10-0004-01</a>"
"V41690973","Consumer Price Index, monthly, not seasonally adjusted","Monthly","Canada;All-items","September 2003","2002=100","103.1","<a href=""https://www150.statcan.gc.ca/t1/tbl1/en/tv.action?pid=1810000401"">18-10-0004-01</a>"
"V41690973","Consumer Price Index, monthly, not seasonally adjusted","Monthly","Canada;All-items","October 2003","2002=100","102.8","<a href=""https://www150.statcan.gc.ca/t1/tbl1/en/tv.action?pid=1810000401"">18-10-0004-01</a>"
"V41690973","Consumer Price Index, monthly, not seasonally adjusted","Monthly","Canada;All-items","November 2003","2002=100","103.1","<a href=""https://www150.statcan.gc.ca/t1/tbl1/en/tv.action?pid=1810000401"">18-10-0004-01</a>"
"V41690973","Consumer Price Index, monthly, not seasonally adjusted","Monthly","Canada;All-items","December 2003","2002=100","103.2","<a href=""https://www150.statcan.gc.ca/t1/tbl1/en/tv.action?pid=1810000401"">18-10-0004-01</a>"
"V41690973","Consumer Price Index, monthly, not seasonally adjusted","Monthly","Canada;All-items","January 2004","2002=100","103.3","<a href=""https://www150.statcan.gc.ca/t1/tbl1/en/tv.action?pid=1810000401"">18-10-0004-01</a>"
"V41690973","Consumer Price Index, monthly, not seasonally adjusted","Monthly","Canada;All-items","February 2004","2002=100","103.5","<a href=""https://www150.statcan.gc.ca/t1/tbl1/en/tv.action?pid=1810000401"">18-10-0004-01</a>"
"V41690973","Consumer Price Index, monthly, not seasonally adjusted","Monthly","Canada;All-items","March 2004","2002=100","103.9","<a href=""https://www150.statcan.gc.ca/t1/tbl1/en/tv.action?pid=1810000401"">18-10-0004-01</a>"
"V41690973","Consumer Price Index, monthly, not seasonally adjusted","Monthly","Canada;All-items","April 2004","2002=100","104.1","<a href=""https://www150.statcan.gc.ca/t1/tbl1/en/tv.action?pid=1810000401"">18-10-0004-01</a>"
"V41690973","Consumer Price Index, monthly, not seasonally adjusted","Monthly","Canada;All-items","May 2004","2002=100","105.0","<a href=""https://www150.statcan.gc.ca/t1/tbl1/en/tv.action?pid=1810000401"">18-10-0004-01</a>"
"V41690973","Consumer Price Index, monthly, not seasonally adjusted","Monthly","Canada;All-items","June 2004","2002=100","105.1","<a href=""https://www150.statcan.gc.ca/t1/tbl1/en/tv.action?pid=1810000401"">18-10-0004-01</a>"
"V41690973","Consumer Price Index, monthly, not seasonally adjusted","Monthly","Canada;All-items","July 2004","2002=100","105.0","<a href=""https://www150.statcan.gc.ca/t1/tbl1/en/tv.action?pid=1810000401"">18-10-0004-01</a>"
"V41690973","Consumer Price Index, monthly, not seasonally adjusted","Monthly","Canada;All-items","August 2004","2002=100","104.8","<a href=""https://www150.statcan.gc.ca/t1/tbl1/en/tv.action?pid=1810000401"">18-10-0004-01</a>"
"V41690973","Consumer Price Index, monthly, not seasonally adjusted","Monthly","Canada;All-items","September 2004","2002=100","105.0","<a href=""https://www150.statcan.gc.ca/t1/tbl1/en/tv.action?pid=1810000401"">18-10-0004-01</a>"
"V41690973","Consumer Price Index, monthly, not seasonally adjusted","Monthly","Canada;All-items","October 2004","2002=100","105.2","<a href=""https://www150.statcan.gc.ca/t1/tbl1/en/tv.action?pid=1810000401"">18-10-0004-01</a>"
"V41690973","Consumer Price Index, monthly, not seasonally adjusted","Monthly","Canada;All-items","November 2004","2002=100","105.6","<a href=""https://www150.statcan.gc.ca/t1/tbl1/en/tv.action?pid=1810000401"">18-10-0004-01</a>"
"V41690973","Consumer Price Index, monthly, not seasonally adjusted","Monthly","Canada;All-items","December 2004","2002=100","105.4","<a href=""https://www150.statcan.gc.ca/t1/tbl1/en/tv.action?pid=1810000401"">18-10-0004-01</a>"
"V41690973","Consumer Price Index, monthly, not seasonally adjusted","Monthly","Canada;All-items","January 2005","2002=100","105.3","<a href=""https://www150.statcan.gc.ca/t1/tbl1/en/tv.action?pid=1810000401"">18-10-0004-01</a>"
"V41690973","Consumer Price Index, monthly, not seasonally adjusted","Monthly","Canada;All-items","February 2005","2002=100","105.7","<a href=""https://www150.statcan.gc.ca/t1/tbl1/en/tv.action?pid=1810000401"">18-10-0004-01</a>"
"V41690973","Consumer Price Index, monthly, not seasonally adjusted","Monthly","Canada;All-items","March 2005","2002=100","106.3","<a href=""https://www150.statcan.gc.ca/t1/tbl1/en/tv.action?pid=1810000401"">18-10-0004-01</a>"
"V41690973","Consumer Price Index, monthly, not seasonally adjusted","Monthly","Canada;All-items","April 2005","2002=100","106.6","<a href=""https://www150.statcan.gc.ca/t1/tbl1/en/tv.action?pid=1810000401"">18-10-0004-01</a>"
"V41690973","Consumer Price Index, monthly, not seasonally adjusted","Monthly","Canada;All-items","May 2005","2002=100","106.7","<a href=""https://www150.statcan.gc.ca/t1/tbl1/en/tv.action?pid=1810000401"">18-10-0004-01</a>"
"V41690973","Consumer Price Index, monthly, not seasonally adjusted","Monthly","Canada;All-items","June 2005","2002=100","106.9","<a href=""https://www150.statcan.gc.ca/t1/tbl1/en/tv.action?pid=1810000401"">18-10-0004-01</a>"
"V41690973","Consumer Price Index, monthly, not seasonally adjusted","Monthly","Canada;All-items","July 2005","2002=100","107.1","<a href=""https://www150.statcan.gc.ca/t1/tbl1/en/tv.action?pid=1810000401"">18-10-0004-01</a>"
"V41690973","Consumer Price Index, monthly, not seasonally adjusted","Monthly","Canada;All-items","August 2005","2002=100","107.5","<a href=""https://www150.statcan.gc.ca/t1/tbl1/en/tv.action?pid=1810000401"">18-10-0004-01</a>"
"V41690973","Consumer Price Index, monthly, not seasonally adjusted","Monthly","Canada;All-items","September 2005","2002=100","108.4","<a href=""https://www150.statcan.gc.ca/t1/tbl1/en/tv.action?pid=1810000401"">18-10-0004-01</a>"
"V41690973","Consumer Price Index, monthly, not seasonally adjusted","Monthly","Canada;All-items","October 2005","2002=100","107.9","<a href=""https://www150.statcan.gc.ca/t1/tbl1/en/tv.action?pid=1810000401"">18-10-0004-01</a>"
"V41690973","Consumer Price Index, monthly, not seasonally adjusted","Monthly","Canada;All-items","November 2005","2002=100","107.7","<a href=""https://www150.statcan.gc.ca/t1/tbl1/en/tv.action?pid=1810000401"">18-10-0004-01</a>"
"V41690973","Consumer Price Index, monthly, not seasonally adjusted","Monthly","Canada;All-items","December 2005","2002=100","107.6","<a href=""https://www150.statcan.gc.ca/t1/tbl1/en/tv.action?pid=1810000401"">18-10-0004-01</a>"
"V41690973","Consumer Price Index, monthly, not seasonally adjusted","Monthly","Canada;All-items","January 2006","2002=100","108.2","<a href=""https://www150.statcan.gc.ca/t1/tbl1/en/tv.action?pid=1810000401"">18-10-0004-01</a>"
"V41690973","Consumer Price Index, monthly, not seasonally adjusted","Monthly","Canada;All-items","February 2006","2002=100","108.0","<a href=""https://www150.statcan.gc.ca/t1/tbl1/en/tv.action?pid=1810000401"">18-10-0004-01</a>"
"V41690973","Consumer Price Index, monthly, not seasonally adjusted","Monthly","Canada;All-items","March 2006","2002=100","108.6","<a href=""https://www150.statcan.gc.ca/t1/tbl1/en/tv.action?pid=1810000401"">18-10-0004-01</a>"
"V41690973","Consumer Price Index, monthly, not seasonally adjusted","Monthly","Canada;All-items","April 2006","2002=100","109.2","<a href=""https://www150.statcan.gc.ca/t1/tbl1/en/tv.action?pid=1810000401"">18-10-0004-01</a>"
"V41690973","Consumer Price Index, monthly, not seasonally adjusted","Monthly","Canada;All-items","May 2006","2002=100","109.7","<a href=""https://www150.statcan.gc.ca/t1/tbl1/en/tv.action?pid=1810000401"">18-10-0004-01</a>"
"V41690973","Consumer Price Index, monthly, not seasonally adjusted","Monthly","Canada;All-items","June 2006","2002=100","109.5","<a href=""https://www150.statcan.gc.ca/t1/tbl1/en/tv.action?pid=1810000401"">18-10-0004-01</a>"
"V41690973","Consumer Price Index, monthly, not seasonally adjusted","Monthly","Canada;All-items","July 2006","2002=100","109.6","<a href=""https://www150.statcan.gc.ca/t1/tbl1/en/tv.action?pid=1810000401"">18-10-0004-01</a>"
"V41690973","Consumer Price Index, monthly, not seasonally adjusted","Monthly","Canada;All-items","August 2006","2002=100","109.8","<a href=""https://www150.statcan.gc.ca/t1/tbl1/en/tv.action?pid=1810000401"">18-10-0004-01</a>"
"V41690973","Consumer Price Index, monthly, not seasonally adjusted","Monthly","Canada;All-items","September 2006","2002=100","109.2","<a href=""https://www150.statcan.gc.ca/t1/tbl1/en/tv.action?pid=1810000401"">18-10-0004-01</a>"
"V41690973","Consumer Price Index, monthly, not seasonally adjusted","Monthly","Canada;All-items","October 2006","2002=100","109.0","<a href=""https://www150.statcan.gc.ca/t1/tbl1/en/tv.action?pid=1810000401"">18-10-0004-01</a>"
"V41690973","Consumer Price Index, monthly, not seasonally adjusted","Monthly","Canada;All-items","November 2006","2002=100","109.2","<a href=""https://www150.statcan.gc.ca/t1/tbl1/en/tv.action?pid=1810000401"">18-10-0004-01</a>"
"V41690973","Consumer Price Index, monthly, not seasonally adjusted","Monthly","Canada;All-items","December 2006","2002=100","109.4","<a href=""https://www150.statcan.gc.ca/t1/tbl1/en/tv.action?pid=1810000401"">18-10-0004-01</a>"
"V41690973","Consumer Price Index, monthly, not seasonally adjusted","Monthly","Canada;All-items","January 2007","2002=100","109.4","<a href=""https://www150.statcan.gc.ca/t1/tbl1/en/tv.action?pid=1810000401"">18-10-0004-01</a>"
"V41690973","Consumer Price Index, monthly, not seasonally adjusted","Monthly","Canada;All-items","February 2007","2002=100","110.2","<a href=""https://www150.statcan.gc.ca/t1/tbl1/en/tv.action?pid=1810000401"">18-10-0004-01</a>"
"V41690973","Consumer Price Index, monthly, not seasonally adjusted","Monthly","Canada;All-items","March 2007","2002=100","111.1","<a href=""https://www150.statcan.gc.ca/t1/tbl1/en/tv.action?pid=1810000401"">18-10-0004-01</a>"
"V41690973","Consumer Price Index, monthly, not seasonally adjusted","Monthly","Canada;All-items","April 2007","2002=100","111.6","<a href=""https://www150.statcan.gc.ca/t1/tbl1/en/tv.action?pid=1810000401"">18-10-0004-01</a>"
"V41690973","Consumer Price Index, monthly, not seasonally adjusted","Monthly","Canada;All-items","May 2007","2002=100","112.1","<a href=""https://www150.statcan.gc.ca/t1/tbl1/en/tv.action?pid=1810000401"">18-10-0004-01</a>"
"V41690973","Consumer Price Index, monthly, not seasonally adjusted","Monthly","Canada;All-items","June 2007","2002=100","111.9","<a href=""https://www150.statcan.gc.ca/t1/tbl1/en/tv.action?pid=1810000401"">18-10-0004-01</a>"
"V41690973","Consumer Price Index, monthly, not seasonally adjusted","Monthly","Canada;All-items","July 2007","2002=100","112.0","<a href=""https://www150.statcan.gc.ca/t1/tbl1/en/tv.action?pid=1810000401"">18-10-0004-01</a>"
"V41690973","Consumer Price Index, monthly, not seasonally adjusted","Monthly","Canada;All-items","August 2007","2002=100","111.7","<a href=""https://www150.statcan.gc.ca/t1/tbl1/en/tv.action?pid=1810000401"">18-10-0004-01</a>"
"V41690973","Consumer Price Index, monthly, not seasonally adjusted","Monthly","Canada;All-items","September 2007","2002=100","111.9","<a href=""https://www150.statcan.gc.ca/t1/tbl1/en/tv.action?pid=1810000401"">18-10-0004-01</a>"
"V41690973","Consumer Price Index, monthly, not seasonally adjusted","Monthly","Canada;All-items","October 2007","2002=100","111.6","<a href=""https://www150.statcan.gc.ca/t1/tbl1/en/tv.action?pid=1810000401"">18-10-0004-01</a>"
"V41690973","Consumer Price Index, monthly, not seasonally adjusted","Monthly","Canada;All-items","November 2007","2002=100","111.9","<a href=""https://www150.statcan.gc.ca/t1/tbl1/en/tv.action?pid=1810000401"">18-10-0004-01</a>"
"V41690973","Consumer Price Index, monthly, not seasonally adjusted","Monthly","Canada;All-items","December 2007","2002=100","112.0","<a href=""https://www150.statcan.gc.ca/t1/tbl1/en/tv.action?pid=1810000401"">18-10-0004-01</a>"
"V41690973","Consumer Price Index, monthly, not seasonally adjusted","Monthly","Canada;All-items","January 2008","2002=100","111.8","<a href=""https://www150.statcan.gc.ca/t1/tbl1/en/tv.action?pid=1810000401"">18-10-0004-01</a>"
"V41690973","Consumer Price Index, monthly, not seasonally adjusted","Monthly","Canada;All-items","February 2008","2002=100","112.2","<a href=""https://www150.statcan.gc.ca/t1/tbl1/en/tv.action?pid=1810000401"">18-10-0004-01</a>"
"V41690973","Consumer Price Index, monthly, not seasonally adjusted","Monthly","Canada;All-items","March 2008","2002=100","112.6","<a href=""https://www150.statcan.gc.ca/t1/tbl1/en/tv.action?pid=1810000401"">18-10-0004-01</a>"
"V41690973","Consumer Price Index, monthly, not seasonally adjusted","Monthly","Canada;All-items","April 2008","2002=100","113.5","<a href=""https://www150.statcan.gc.ca/t1/tbl1/en/tv.action?pid=1810000401"">18-10-0004-01</a>"
"V41690973","Consumer Price Index, monthly, not seasonally adjusted","Monthly","Canada;All-items","May 2008","2002=100","114.6","<a href=""https://www150.statcan.gc.ca/t1/tbl1/en/tv.action?pid=1810000401"">18-10-0004-01</a>"
"V41690973","Consumer Price Index, monthly, not seasonally adjusted","Monthly","Canada;All-items","June 2008","2002=100","115.4","<a href=""https://www150.statcan.gc.ca/t1/tbl1/en/tv.action?pid=1810000401"">18-10-0004-01</a>"
"V41690973","Consumer Price Index, monthly, not seasonally adjusted","Monthly","Canada;All-items","July 2008","2002=100","115.8","<a href=""https://www150.statcan.gc.ca/t1/tbl1/en/tv.action?pid=1810000401"">18-10-0004-01</a>"
"V41690973","Consumer Price Index, monthly, not seasonally adjusted","Monthly","Canada;All-items","August 2008","2002=100","115.6","<a href=""https://www150.statcan.gc.ca/t1/tbl1/en/tv.action?pid=1810000401"">18-10-0004-01</a>"
"V41690973","Consumer Price Index, monthly, not seasonally adjusted","Monthly","Canada;All-items","September 2008","2002=100","115.7","<a href=""https://www150.statcan.gc.ca/t1/tbl1/en/tv.action?pid=1810000401"">18-10-0004-01</a>"
"V41690973","Consumer Price Index, monthly, not seasonally adjusted","Monthly","Canada;All-items","October 2008","2002=100","114.5","<a href=""https://www150.statcan.gc.ca/t1/tbl1/en/tv.action?pid=1810000401"">18-10-0004-01</a>"
"V41690973","Consumer Price Index, monthly, not seasonally adjusted","Monthly","Canada;All-items","November 2008","2002=100","114.1","<a href=""https://www150.statcan.gc.ca/t1/tbl1/en/tv.action?pid=1810000401"">18-10-0004-01</a>"
"V41690973","Consumer Price Index, monthly, not seasonally adjusted","Monthly","Canada;All-items","December 2008","2002=100","113.3","<a href=""https://www150.statcan.gc.ca/t1/tbl1/en/tv.action?pid=1810000401"">18-10-0004-01</a>"
"V41690973","Consumer Price Index, monthly, not seasonally adjusted","Monthly","Canada;All-items","January 2009","2002=100","113.0","<a href=""https://www150.statcan.gc.ca/t1/tbl1/en/tv.action?pid=1810000401"">18-10-0004-01</a>"
"V41690973","Consumer Price Index, monthly, not seasonally adjusted","Monthly","Canada;All-items","February 2009","2002=100","113.8","<a href=""https://www150.statcan.gc.ca/t1/tbl1/en/tv.action?pid=1810000401"">18-10-0004-01</a>"
"V41690973","Consumer Price Index, monthly, not seasonally adjusted","Monthly","Canada;All-items","March 2009","2002=100","114.0","<a href=""https://www150.statcan.gc.ca/t1/tbl1/en/tv.action?pid=1810000401"">18-10-0004-01</a>"
"V41690973","Consumer Price Index, monthly, not seasonally adjusted","Monthly","Canada;All-items","April 2009","2002=100","113.9","<a href=""https://www150.statcan.gc.ca/t1/tbl1/en/tv.action?pid=1810000401"">18-10-0004-01</a>"
"V41690973","Consumer Price Index, monthly, not seasonally adjusted","Monthly","Canada;All-items","May 2009","2002=100","114.7","<a href=""https://www150.statcan.gc.ca/t1/tbl1/en/tv.action?pid=1810000401"">18-10-0004-01</a>"
"V41690973","Consumer Price Index, monthly, not seasonally adjusted","Monthly","Canada;All-items","June 2009","2002=100","115.1","<a href=""https://www150.statcan.gc.ca/t1/tbl1/en/tv.action?pid=1810000401"">18-10-0004-01</a>"
"V41690973","Consumer Price Index, monthly, not seasonally adjusted","Monthly","Canada;All-items","July 2009","2002=100","114.7","<a href=""https://www150.statcan.gc.ca/t1/tbl1/en/tv.action?pid=1810000401"">18-10-0004-01</a>"
"V41690973","Consumer Price Index, monthly, not seasonally adjusted","Monthly","Canada;All-items","August 2009","2002=100","114.7","<a href=""https://www150.statcan.gc.ca/t1/tbl1/en/tv.action?pid=1810000401"">18-10-0004-01</a>"
"V41690973","Consumer Price Index, monthly, not seasonally adjusted","Monthly","Canada;All-items","September 2009","2002=100","114.7","<a href=""https://www150.statcan.gc.ca/t1/tbl1/en/tv.action?pid=1810000401"">18-10-0004-01</a>"
"V41690973","Consumer Price Index, monthly, not seasonally adjusted","Monthly","Canada;All-items","October 2009","2002=100","114.6","<a href=""https://www150.statcan.gc.ca/t1/tbl1/en/tv.action?pid=1810000401"">18-10-0004-01</a>"
"V41690973","Consumer Price Index, monthly, not seasonally adjusted","Monthly","Canada;All-items","November 2009","2002=100","115.2","<a href=""https://www150.statcan.gc.ca/t1/tbl1/en/tv.action?pid=1810000401"">18-10-0004-01</a>"
"V41690973","Consumer Price Index, monthly, not seasonally adjusted","Monthly","Canada;All-items","December 2009","2002=100","114.8","<a href=""https://www150.statcan.gc.ca/t1/tbl1/en/tv.action?pid=1810000401"">18-10-0004-01</a>"
"V41690973","Consumer Price Index, monthly, not seasonally adjusted","Monthly","Canada;All-items","January 2010","2002=100","115.1","<a href=""https://www150.statcan.gc.ca/t1/tbl1/en/tv.action?pid=1810000401"">18-10-0004-01</a>"
"V41690973","Consumer Price Index, monthly, not seasonally adjusted","Monthly","Canada;All-items","February 2010","2002=100","115.6","<a href=""https://www150.statcan.gc.ca/t1/tbl1/en/tv.action?pid=1810000401"">18-10-0004-01</a>"
"V41690973","Consumer Price Index, monthly, not seasonally adjusted","Monthly","Canada;All-items","March 2010","2002=100","115.6","<a href=""https://www150.statcan.gc.ca/t1/tbl1/en/tv.action?pid=1810000401"">18-10-0004-01</a>"
"V41690973","Consumer Price Index, monthly, not seasonally adjusted","Monthly","Canada;All-items","April 2010","2002=100","116.0","<a href=""https://www150.statcan.gc.ca/t1/tbl1/en/tv.action?pid=1810000401"">18-10-0004-01</a>"
"V41690973","Consumer Price Index, monthly, not seasonally adjusted","Monthly","Canada;All-items","May 2010","2002=100","116.3","<a href=""https://www150.statcan.gc.ca/t1/tbl1/en/tv.action?pid=1810000401"">18-10-0004-01</a>"
"V41690973","Consumer Price Index, monthly, not seasonally adjusted","Monthly","Canada;All-items","June 2010","2002=100","116.2","<a href=""https://www150.statcan.gc.ca/t1/tbl1/en/tv.action?pid=1810000401"">18-10-0004-01</a>"
"V41690973","Consumer Price Index, monthly, not seasonally adjusted","Monthly","Canada;All-items","July 2010","2002=100","116.8","<a href=""https://www150.statcan.gc.ca/t1/tbl1/en/tv.action?pid=1810000401"">18-10-0004-01</a>"
"V41690973","Consumer Price Index, monthly, not seasonally adjusted","Monthly","Canada;All-items","August 2010","2002=100","116.7","<a href=""https://www150.statcan.gc.ca/t1/tbl1/en/tv.action?pid=1810000401"">18-10-0004-01</a>"
"V41690973","Consumer Price Index, monthly, not seasonally adjusted","Monthly","Canada;All-items","September 2010","2002=100","116.9","<a href=""https://www150.statcan.gc.ca/t1/tbl1/en/tv.action?pid=1810000401"">18-10-0004-01</a>"
"V41690973","Consumer Price Index, monthly, not seasonally adjusted","Monthly","Canada;All-items","October 2010","2002=100","117.4","<a href=""https://www150.statcan.gc.ca/t1/tbl1/en/tv.action?pid=1810000401"">18-10-0004-01</a>"
"V41690973","Consumer Price Index, monthly, not seasonally adjusted","Monthly","Canada;All-items","November 2010","2002=100","117.5","<a href=""https://www150.statcan.gc.ca/t1/tbl1/en/tv.action?pid=1810000401"">18-10-0004-01</a>"
"V41690973","Consumer Price Index, monthly, not seasonally adjusted","Monthly","Canada;All-items","December 2010","2002=100","117.5","<a href=""https://www150.statcan.gc.ca/t1/tbl1/en/tv.action?pid=1810000401"">18-10-0004-01</a>"
"V41690973","Consumer Price Index, monthly, not seasonally adjusted","Monthly","Canada;All-items","January 2011","2002=100","117.8","<a href=""https://www150.statcan.gc.ca/t1/tbl1/en/tv.action?pid=1810000401"">18-10-0004-01</a>"
"V41690973","Consumer Price Index, monthly, not seasonally adjusted","Monthly","Canada;All-items","February 2011","2002=100","118.1","<a href=""https://www150.statcan.gc.ca/t1/tbl1/en/tv.action?pid=1810000401"">18-10-0004-01</a>"
"V41690973","Consumer Price Index, monthly, not seasonally adjusted","Monthly","Canada;All-items","March 2011","2002=100","119.4","<a href=""https://www150.statcan.gc.ca/t1/tbl1/en/tv.action?pid=1810000401"">18-10-0004-01</a>"
"V41690973","Consumer Price Index, monthly, not seasonally adjusted","Monthly","Canada;All-items","April 2011","2002=100","119.8","<a href=""https://www150.statcan.gc.ca/t1/tbl1/en/tv.action?pid=1810000401"">18-10-0004-01</a>"
"V41690973","Consumer Price Index, monthly, not seasonally adjusted","Monthly","Canada;All-items","May 2011","2002=100","120.6","<a href=""https://www150.statcan.gc.ca/t1/tbl1/en/tv.action?pid=1810000401"">18-10-0004-01</a>"
"V41690973","Consumer Price Index, monthly, not seasonally adjusted","Monthly","Canada;All-items","June 2011","2002=100","119.8","<a href=""https://www150.statcan.gc.ca/t1/tbl1/en/tv.action?pid=1810000401"">18-10-0004-01</a>"
"V41690973","Consumer Price Index, monthly, not seasonally adjusted","Monthly","Canada;All-items","July 2011","2002=100","120.0","<a href=""https://www150.statcan.gc.ca/t1/tbl1/en/tv.action?pid=1810000401"">18-10-0004-01</a>"
"V41690973","Consumer Price Index, monthly, not seasonally adjusted","Monthly","Canada;All-items","August 2011","2002=100","120.3","<a href=""https://www150.statcan.gc.ca/t1/tbl1/en/tv.action?pid=1810000401"">18-10-0004-01</a>"
"V41690973","Consumer Price Index, monthly, not seasonally adjusted","Monthly","Canada;All-items","September 2011","2002=100","120.6","<a href=""https://www150.statcan.gc.ca/t1/tbl1/en/tv.action?pid=1810000401"">18-10-0004-01</a>"
"V41690973","Consumer Price Index, monthly, not seasonally adjusted","Monthly","Canada;All-items","October 2011","2002=100","120.8","<a href=""https://www150.statcan.gc.ca/t1/tbl1/en/tv.action?pid=1810000401"">18-10-0004-01</a>"
"V41690973","Consumer Price Index, monthly, not seasonally adjusted","Monthly","Canada;All-items","November 2011","2002=100","120.9","<a href=""https://www150.statcan.gc.ca/t1/tbl1/en/tv.action?pid=1810000401"">18-10-0004-01</a>"
"V41690973","Consumer Price Index, monthly, not seasonally adjusted","Monthly","Canada;All-items","December 2011","2002=100","120.2","<a href=""https://www150.statcan.gc.ca/t1/tbl1/en/tv.action?pid=1810000401"">18-10-0004-01</a>"
"V41690973","Consumer Price Index, monthly, not seasonally adjusted","Monthly","Canada;All-items","January 2012","2002=100","120.7","<a href=""https://www150.statcan.gc.ca/t1/tbl1/en/tv.action?pid=1810000401"">18-10-0004-01</a>"
"V41690973","Consumer Price Index, monthly, not seasonally adjusted","Monthly","Canada;All-items","February 2012","2002=100","121.2","<a href=""https://www150.statcan.gc.ca/t1/tbl1/en/tv.action?pid=1810000401"">18-10-0004-01</a>"
"V41690973","Consumer Price Index, monthly, not seasonally adjusted","Monthly","Canada;All-items","March 2012","2002=100","121.7","<a href=""https://www150.statcan.gc.ca/t1/tbl1/en/tv.action?pid=1810000401"">18-10-0004-01</a>"
"V41690973","Consumer Price Index, monthly, not seasonally adjusted","Monthly","Canada;All-items","April 2012","2002=100","122.2","<a href=""https://www150.statcan.gc.ca/t1/tbl1/en/tv.action?pid=1810000401"">18-10-0004-01</a>"
"V41690973","Consumer Price Index, monthly, not seasonally adjusted","Monthly","Canada;All-items","May 2012","2002=100","122.1","<a href=""https://www150.statcan.gc.ca/t1/tbl1/en/tv.action?pid=1810000401"">18-10-0004-01</a>"
"V41690973","Consumer Price Index, monthly, not seasonally adjusted","Monthly","Canada;All-items","June 2012","2002=100","121.6","<a href=""https://www150.statcan.gc.ca/t1/tbl1/en/tv.action?pid=1810000401"">18-10-0004-01</a>"
"V41690973","Consumer Price Index, monthly, not seasonally adjusted","Monthly","Canada;All-items","July 2012","2002=100","121.5","<a href=""https://www150.statcan.gc.ca/t1/tbl1/en/tv.action?pid=1810000401"">18-10-0004-01</a>"
"V41690973","Consumer Price Index, monthly, not seasonally adjusted","Monthly","Canada;All-items","August 2012","2002=100","121.8","<a href=""https://www150.statcan.gc.ca/t1/tbl1/en/tv.action?pid=1810000401"">18-10-0004-01</a>"
"V41690973","Consumer Price Index, monthly, not seasonally adjusted","Monthly","Canada;All-items","September 2012","2002=100","122.0","<a href=""https://www150.statcan.gc.ca/t1/tbl1/en/tv.action?pid=1810000401"">18-10-0004-01</a>"
"V41690973","Consumer Price Index, monthly, not seasonally adjusted","Monthly","Canada;All-items","October 2012","2002=100","122.2","<a href=""https://www150.statcan.gc.ca/t1/tbl1/en/tv.action?pid=1810000401"">18-10-0004-01</a>"
"V41690973","Consumer Price Index, monthly, not seasonally adjusted","Monthly","Canada;All-items","November 2012","2002=100","121.9","<a href=""https://www150.statcan.gc.ca/t1/tbl1/en/tv.action?pid=1810000401"">18-10-0004-01</a>"
"V41690973","Consumer Price Index, monthly, not seasonally adjusted","Monthly","Canada;All-items","December 2012","2002=100","121.2","<a href=""https://www150.statcan.gc.ca/t1/tbl1/en/tv.action?pid=1810000401"">18-10-0004-01</a>"
"V41690973","Consumer Price Index, monthly, not seasonally adjusted","Monthly","Canada;All-items","January 2013","2002=100","121.3","<a href=""https://www150.statcan.gc.ca/t1/tbl1/en/tv.action?pid=1810000401"">18-10-0004-01</a>"
"V41690973","Consumer Price Index, monthly, not seasonally adjusted","Monthly","Canada;All-items","February 2013","2002=100","122.7","<a href=""https://www150.statcan.gc.ca/t1/tbl1/en/tv.action?pid=1810000401"">18-10-0004-01</a>"
"V41690973","Consumer Price Index, monthly, not seasonally adjusted","Monthly","Canada;All-items","March 2013","2002=100","122.9","<a href=""https://www150.statcan.gc.ca/t1/tbl1/en/tv.action?pid=1810000401"">18-10-0004-01</a>"
"V41690973","Consumer Price Index, monthly, not seasonally adjusted","Monthly","Canada;All-items","April 2013","2002=100","122.7","<a href=""https://www150.statcan.gc.ca/t1/tbl1/en/tv.action?pid=1810000401"">18-10-0004-01</a>"
"V41690973","Consumer Price Index, monthly, not seasonally adjusted","Monthly","Canada;All-items","May 2013","2002=100","123.0","<a href=""https://www150.statcan.gc.ca/t1/tbl1/en/tv.action?pid=1810000401"">18-10-0004-01</a>"
"V41690973","Consumer Price Index, monthly, not seasonally adjusted","Monthly","Canada;All-items","June 2013","2002=100","123.0","<a href=""https://www150.statcan.gc.ca/t1/tbl1/en/tv.action?pid=1810000401"">18-10-0004-01</a>"
"V41690973","Consumer Price Index, monthly, not seasonally adjusted","Monthly","Canada;All-items","July 2013","2002=100","123.1","<a href=""https://www150.statcan.gc.ca/t1/tbl1/en/tv.action?pid=1810000401"">18-10-0004-01</a>"
"V41690973","Consumer Price Index, monthly, not seasonally adjusted","Monthly","Canada;All-items","August 2013","2002=100","123.1","<a href=""https://www150.statcan.gc.ca/t1/tbl1/en/tv.action?pid=1810000401"">18-10-0004-01</a>"
"V41690973","Consumer Price Index, monthly, not seasonally adjusted","Monthly","Canada;All-items","September 2013","2002=100","123.3","<a href=""https://www150.statcan.gc.ca/t1/tbl1/en/tv.action?pid=1810000401"">18-10-0004-01</a>"
"V41690973","Consumer Price Index, monthly, not seasonally adjusted","Monthly","Canada;All-items","October 2013","2002=100","123.0","<a href=""https://www150.statcan.gc.ca/t1/tbl1/en/tv.action?pid=1810000401"">18-10-0004-01</a>"
"V41690973","Consumer Price Index, monthly, not seasonally adjusted","Monthly","Canada;All-items","November 2013","2002=100","123.0","<a href=""https://www150.statcan.gc.ca/t1/tbl1/en/tv.action?pid=1810000401"">18-10-0004-01</a>"
"V41690973","Consumer Price Index, monthly, not seasonally adjusted","Monthly","Canada;All-items","December 2013","2002=100","122.7","<a href=""https://www150.statcan.gc.ca/t1/tbl1/en/tv.action?pid=1810000401"">18-10-0004-01</a>"
"V41690973","Consumer Price Index, monthly, not seasonally adjusted","Monthly","Canada;All-items","January 2014","2002=100","123.1","<a href=""https://www150.statcan.gc.ca/t1/tbl1/en/tv.action?pid=1810000401"">18-10-0004-01</a>"
"V41690973","Consumer Price Index, monthly, not seasonally adjusted","Monthly","Canada;All-items","February 2014","2002=100","124.1","<a href=""https://www150.statcan.gc.ca/t1/tbl1/en/tv.action?pid=1810000401"">18-10-0004-01</a>"
"V41690973","Consumer Price Index, monthly, not seasonally adjusted","Monthly","Canada;All-items","March 2014","2002=100","124.8","<a href=""https://www150.statcan.gc.ca/t1/tbl1/en/tv.action?pid=1810000401"">18-10-0004-01</a>"
"V41690973","Consumer Price Index, monthly, not seasonally adjusted","Monthly","Canada;All-items","April 2014","2002=100","125.2","<a href=""https://www150.statcan.gc.ca/t1/tbl1/en/tv.action?pid=1810000401"">18-10-0004-01</a>"
"V41690973","Consumer Price Index, monthly, not seasonally adjusted","Monthly","Canada;All-items","May 2014","2002=100","125.8","<a href=""https://www150.statcan.gc.ca/t1/tbl1/en/tv.action?pid=1810000401"">18-10-0004-01</a>"
"V41690973","Consumer Price Index, monthly, not seasonally adjusted","Monthly","Canada;All-items","June 2014","2002=100","125.9","<a href=""https://www150.statcan.gc.ca/t1/tbl1/en/tv.action?pid=1810000401"">18-10-0004-01</a>"
"V41690973","Consumer Price Index, monthly, not seasonally adjusted","Monthly","Canada;All-items","July 2014","2002=100","125.7","<a href=""https://www150.statcan.gc.ca/t1/tbl1/en/tv.action?pid=1810000401"">18-10-0004-01</a>"
"V41690973","Consumer Price Index, monthly, not seasonally adjusted","Monthly","Canada;All-items","August 2014","2002=100","125.7","<a href=""https://www150.statcan.gc.ca/t1/tbl1/en/tv.action?pid=1810000401"">18-10-0004-01</a>"
"V41690973","Consumer Price Index, monthly, not seasonally adjusted","Monthly","Canada;All-items","September 2014","2002=100","125.8","<a href=""https://www150.statcan.gc.ca/t1/tbl1/en/tv.action?pid=1810000401"">18-10-0004-01</a>"
"V41690973","Consumer Price Index, monthly, not seasonally adjusted","Monthly","Canada;All-items","October 2014","2002=100","125.9","<a href=""https://www150.statcan.gc.ca/t1/tbl1/en/tv.action?pid=1810000401"">18-10-0004-01</a>"
"V41690973","Consumer Price Index, monthly, not seasonally adjusted","Monthly","Canada;All-items","November 2014","2002=100","125.4","<a href=""https://www150.statcan.gc.ca/t1/tbl1/en/tv.action?pid=1810000401"">18-10-0004-01</a>"
"V41690973","Consumer Price Index, monthly, not seasonally adjusted","Monthly","Canada;All-items","December 2014","2002=100","124.5","<a href=""https://www150.statcan.gc.ca/t1/tbl1/en/tv.action?pid=1810000401"">18-10-0004-01</a>"
"V41690973","Consumer Price Index, monthly, not seasonally adjusted","Monthly","Canada;All-items","January 2015","2002=100","124.3","<a href=""https://www150.statcan.gc.ca/t1/tbl1/en/tv.action?pid=1810000401"">18-10-0004-01</a>"
"V41690973","Consumer Price Index, monthly, not seasonally adjusted","Monthly","Canada;All-items","February 2015","2002=100","125.4","<a href=""https://www150.statcan.gc.ca/t1/tbl1/en/tv.action?pid=1810000401"">18-10-0004-01</a>"
"V41690973","Consumer Price Index, monthly, not seasonally adjusted","Monthly","Canada;All-items","March 2015","2002=100","126.3","<a href=""https://www150.statcan.gc.ca/t1/tbl1/en/tv.action?pid=1810000401"">18-10-0004-01</a>"
"V41690973","Consumer Price Index, monthly, not seasonally adjusted","Monthly","Canada;All-items","April 2015","2002=100","126.2","<a href=""https://www150.statcan.gc.ca/t1/tbl1/en/tv.action?pid=1810000401"">18-10-0004-01</a>"
"V41690973","Consumer Price Index, monthly, not seasonally adjusted","Monthly","Canada;All-items","May 2015","2002=100","126.9","<a href=""https://www150.statcan.gc.ca/t1/tbl1/en/tv.action?pid=1810000401"">18-10-0004-01</a>"
"V41690973","Consumer Price Index, monthly, not seasonally adjusted","Monthly","Canada;All-items","June 2015","2002=100","127.2","<a href=""https://www150.statcan.gc.ca/t1/tbl1/en/tv.action?pid=1810000401"">18-10-0004-01</a>"
"V41690973","Consumer Price Index, monthly, not seasonally adjusted","Monthly","Canada;All-items","July 2015","2002=100","127.3","<a href=""https://www150.statcan.gc.ca/t1/tbl1/en/tv.action?pid=1810000401"">18-10-0004-01</a>"
"V41690973","Consumer Price Index, monthly, not seasonally adjusted","Monthly","Canada;All-items","August 2015","2002=100","127.3","<a href=""https://www150.statcan.gc.ca/t1/tbl1/en/tv.action?pid=1810000401"">18-10-0004-01</a>"
"V41690973","Consumer Price Index, monthly, not seasonally adjusted","Monthly","Canada;All-items","September 2015","2002=100","127.1","<a href=""https://www150.statcan.gc.ca/t1/tbl1/en/tv.action?pid=1810000401"">18-10-0004-01</a>"
"V41690973","Consumer Price Index, monthly, not seasonally adjusted","Monthly","Canada;All-items","October 2015","2002=100","127.2","<a href=""https://www150.statcan.gc.ca/t1/tbl1/en/tv.action?pid=1810000401"">18-10-0004-01</a>"
"V41690973","Consumer Price Index, monthly, not seasonally adjusted","Monthly","Canada;All-items","November 2015","2002=100","127.1","<a href=""https://www150.statcan.gc.ca/t1/tbl1/en/tv.action?pid=1810000401"">18-10-0004-01</a>"
"V41690973","Consumer Price Index, monthly, not seasonally adjusted","Monthly","Canada;All-items","December 2015","2002=100","126.5","<a href=""https://www150.statcan.gc.ca/t1/tbl1/en/tv.action?pid=1810000401"">18-10-0004-01</a>"
"V41690973","Consumer Price Index, monthly, not seasonally adjusted","Monthly","Canada;All-items","January 2016","2002=100","126.8","<a href=""https://www150.statcan.gc.ca/t1/tbl1/en/tv.action?pid=1810000401"">18-10-0004-01</a>"
"V41690973","Consumer Price Index, monthly, not seasonally adjusted","Monthly","Canada;All-items","February 2016","2002=100","127.1","<a href=""https://www150.statcan.gc.ca/t1/tbl1/en/tv.action?pid=1810000401"">18-10-0004-01</a>"
"V41690973","Consumer Price Index, monthly, not seasonally adjusted","Monthly","Canada;All-items","March 2016","2002=100","127.9","<a href=""https://www150.statcan.gc.ca/t1/tbl1/en/tv.action?pid=1810000401"">18-10-0004-01</a>"
"V41690973","Consumer Price Index, monthly, not seasonally adjusted","Monthly","Canada;All-items","April 2016","2002=100","128.3","<a href=""https://www150.statcan.gc.ca/t1/tbl1/en/tv.action?pid=1810000401"">18-10-0004-01</a>"
"V41690973","Consumer Price Index, monthly, not seasonally adjusted","Monthly","Canada;All-items","May 2016","2002=100","128.8","<a href=""https://www150.statcan.gc.ca/t1/tbl1/en/tv.action?pid=1810000401"">18-10-0004-01</a>"
"V41690973","Consumer Price Index, monthly, not seasonally adjusted","Monthly","Canada;All-items","June 2016","2002=100","129.1","<a href=""https://www150.statcan.gc.ca/t1/tbl1/en/tv.action?pid=1810000401"">18-10-0004-01</a>"
"V41690973","Consumer Price Index, monthly, not seasonally adjusted","Monthly","Canada;All-items","July 2016","2002=100","128.9","<a href=""https://www150.statcan.gc.ca/t1/tbl1/en/tv.action?pid=1810000401"">18-10-0004-01</a>"
"V41690973","Consumer Price Index, monthly, not seasonally adjusted","Monthly","Canada;All-items","August 2016","2002=100","128.7","<a href=""https://www150.statcan.gc.ca/t1/tbl1/en/tv.action?pid=1810000401"">18-10-0004-01</a>"
"V41690973","Consumer Price Index, monthly, not seasonally adjusted","Monthly","Canada;All-items","September 2016","2002=100","128.8","<a href=""https://www150.statcan.gc.ca/t1/tbl1/en/tv.action?pid=1810000401"">18-10-0004-01</a>"
"V41690973","Consumer Price Index, monthly, not seasonally adjusted","Monthly","Canada;All-items","October 2016","2002=100","129.1","<a href=""https://www150.statcan.gc.ca/t1/tbl1/en/tv.action?pid=1810000401"">18-10-0004-01</a>"
"V41690973","Consumer Price Index, monthly, not seasonally adjusted","Monthly","Canada;All-items","November 2016","2002=100","128.6","<a href=""https://www150.statcan.gc.ca/t1/tbl1/en/tv.action?pid=1810000401"">18-10-0004-01</a>"
"V41690973","Consumer Price Index, monthly, not seasonally adjusted","Monthly","Canada;All-items","December 2016","2002=100","128.4","<a href=""https://www150.statcan.gc.ca/t1/tbl1/en/tv.action?pid=1810000401"">18-10-0004-01</a>"
"V41690973","Consumer Price Index, monthly, not seasonally adjusted","Monthly","Canada;All-items","January 2017","2002=100","129.5","<a href=""https://www150.statcan.gc.ca/t1/tbl1/en/tv.action?pid=1810000401"">18-10-0004-01</a>"
"V41690973","Consumer Price Index, monthly, not seasonally adjusted","Monthly","Canada;All-items","February 2017","2002=100","129.7","<a href=""https://www150.statcan.gc.ca/t1/tbl1/en/tv.action?pid=1810000401"">18-10-0004-01</a>"
"V41690973","Consumer Price Index, monthly, not seasonally adjusted","Monthly","Canada;All-items","March 2017","2002=100","129.9","<a href=""https://www150.statcan.gc.ca/t1/tbl1/en/tv.action?pid=1810000401"">18-10-0004-01</a>"
"V41690973","Consumer Price Index, monthly, not seasonally adjusted","Monthly","Canada;All-items","April 2017","2002=100","130.4","<a href=""https://www150.statcan.gc.ca/t1/tbl1/en/tv.action?pid=1810000401"">18-10-0004-01</a>"
"V41690973","Consumer Price Index, monthly, not seasonally adjusted","Monthly","Canada;All-items","May 2017","2002=100","130.5","<a href=""https://www150.statcan.gc.ca/t1/tbl1/en/tv.action?pid=1810000401"">18-10-0004-01</a>"
"V41690973","Consumer Price Index, monthly, not seasonally adjusted","Monthly","Canada;All-items","June 2017","2002=100","130.4","<a href=""https://www150.statcan.gc.ca/t1/tbl1/en/tv.action?pid=1810000401"">18-10-0004-01</a>"
"V41690973","Consumer Price Index, monthly, not seasonally adjusted","Monthly","Canada;All-items","July 2017","2002=100","130.4","<a href=""https://www150.statcan.gc.ca/t1/tbl1/en/tv.action?pid=1810000401"">18-10-0004-01</a>"
"V41690973","Consumer Price Index, monthly, not seasonally adjusted","Monthly","Canada;All-items","August 2017","2002=100","130.5","<a href=""https://www150.statcan.gc.ca/t1/tbl1/en/tv.action?pid=1810000401"">18-10-0004-01</a>"
"V41690973","Consumer Price Index, monthly, not seasonally adjusted","Monthly","Canada;All-items","September 2017","2002=100","130.8","<a href=""https://www150.statcan.gc.ca/t1/tbl1/en/tv.action?pid=1810000401"">18-10-0004-01</a>"
"V41690973","Consumer Price Index, monthly, not seasonally adjusted","Monthly","Canada;All-items","October 2017","2002=100","130.9","<a href=""https://www150.statcan.gc.ca/t1/tbl1/en/tv.action?pid=1810000401"">18-10-0004-01</a>"
"V41690973","Consumer Price Index, monthly, not seasonally adjusted","Monthly","Canada;All-items","November 2017","2002=100","131.3","<a href=""https://www150.statcan.gc.ca/t1/tbl1/en/tv.action?pid=1810000401"">18-10-0004-01</a>"
"V41690973","Consumer Price Index, monthly, not seasonally adjusted","Monthly","Canada;All-items","December 2017","2002=100","130.8","<a href=""https://www150.statcan.gc.ca/t1/tbl1/en/tv.action?pid=1810000401"">18-10-0004-01</a>"
"V41690973","Consumer Price Index, monthly, not seasonally adjusted","Monthly","Canada;All-items","January 2018","2002=100","131.7","<a href=""https://www150.statcan.gc.ca/t1/tbl1/en/tv.action?pid=1810000401"">18-10-0004-01</a>"
"V41690973","Consumer Price Index, monthly, not seasonally adjusted","Monthly","Canada;All-items","February 2018","2002=100","132.5","<a href=""https://www150.statcan.gc.ca/t1/tbl1/en/tv.action?pid=1810000401"">18-10-0004-01</a>"
"V41690973","Consumer Price Index, monthly, not seasonally adjusted","Monthly","Canada;All-items","March 2018","2002=100","132.9","<a href=""https://www150.statcan.gc.ca/t1/tbl1/en/tv.action?pid=1810000401"">18-10-0004-01</a>"
"V41690973","Consumer Price Index, monthly, not seasonally adjusted","Monthly","Canada;All-items","April 2018","2002=100","133.3","<a href=""https://www150.statcan.gc.ca/t1/tbl1/en/tv.action?pid=1810000401"">18-10-0004-01</a>"
"V41690973","Consumer Price Index, monthly, not seasonally adjusted","Monthly","Canada;All-items","May 2018","2002=100","133.4","<a href=""https://www150.statcan.gc.ca/t1/tbl1/en/tv.action?pid=1810000401"">18-10-0004-01</a>"
"V41690973","Consumer Price Index, monthly, not seasonally adjusted","Monthly","Canada;All-items","June 2018","2002=100","133.6","<a href=""https://www150.statcan.gc.ca/t1/tbl1/en/tv.action?pid=1810000401"">18-10-0004-01</a>"
"V41690973","Consumer Price Index, monthly, not seasonally adjusted","Monthly","Canada;All-items","July 2018","2002=100","134.3","<a href=""https://www150.statcan.gc.ca/t1/tbl1/en/tv.action?pid=1810000401"">18-10-0004-01</a>"
"V41690973","Consumer Price Index, monthly, not seasonally adjusted","Monthly","Canada;All-items","August 2018","2002=100","134.2","<a href=""https://www150.statcan.gc.ca/t1/tbl1/en/tv.action?pid=1810000401"">18-10-0004-01</a>"
"V41690973","Consumer Price Index, monthly, not seasonally adjusted","Monthly","Canada;All-items","September 2018","2002=100","133.7","<a href=""https://www150.statcan.gc.ca/t1/tbl1/en/tv.action?pid=1810000401"">18-10-0004-01</a>"
"V41690973","Consumer Price Index, monthly, not seasonally adjusted","Monthly","Canada;All-items","October 2018","2002=100","134.1","<a href=""https://www150.statcan.gc.ca/t1/tbl1/en/tv.action?pid=1810000401"">18-10-0004-01</a>"
"V41690973","Consumer Price Index, monthly, not seasonally adjusted","Monthly","Canada;All-items","November 2018","2002=100","133.5","<a href=""https://www150.statcan.gc.ca/t1/tbl1/en/tv.action?pid=1810000401"">18-10-0004-01</a>"
"V41690973","Consumer Price Index, monthly, not seasonally adjusted","Monthly","Canada;All-items","December 2018","2002=100","133.4","<a href=""https://www150.statcan.gc.ca/t1/tbl1/en/tv.action?pid=1810000401"">18-10-0004-01</a>"
"V41690973","Consumer Price Index, monthly, not seasonally adjusted","Monthly","Canada;All-items","January 2019","2002=100","133.6","<a href=""https://www150.statcan.gc.ca/t1/tbl1/en/tv.action?pid=1810000401"">18-10-0004-01</a>"
"V41690973","Consumer Price Index, monthly, not seasonally adjusted","Monthly","Canada;All-items","February 2019","2002=100","134.5","<a href=""https://www150.statcan.gc.ca/t1/tbl1/en/tv.action?pid=1810000401"">18-10-0004-01</a>"
"V41690973","Consumer Price Index, monthly, not seasonally adjusted","Monthly","Canada;All-items","March 2019","2002=100","135.4","<a href=""https://www150.statcan.gc.ca/t1/tbl1/en/tv.action?pid=1810000401"">18-10-0004-01</a>"
"V41690973","Consumer Price Index, monthly, not seasonally adjusted","Monthly","Canada;All-items","April 2019","2002=100","136.0","<a href=""https://www150.statcan.gc.ca/t1/tbl1/en/tv.action?pid=1810000401"">18-10-0004-01</a>"
"V41690973","Consumer Price Index, monthly, not seasonally adjusted","Monthly","Canada;All-items","May 2019","2002=100","136.6","<a href=""https://www150.statcan.gc.ca/t1/tbl1/en/tv.action?pid=1810000401"">18-10-0004-01</a>"
"V41690973","Consumer Price Index, monthly, not seasonally adjusted","Monthly","Canada;All-items","June 2019","2002=100","136.3","<a href=""https://www150.statcan.gc.ca/t1/tbl1/en/tv.action?pid=1810000401"">18-10-0004-01</a>"
"V41690973","Consumer Price Index, monthly, not seasonally adjusted","Monthly","Canada;All-items","July 2019","2002=100","137.0","<a href=""https://www150.statcan.gc.ca/t1/tbl1/en/tv.action?pid=1810000401"">18-10-0004-01</a>"
"V41690973","Consumer Price Index, monthly, not seasonally adjusted","Monthly","Canada;All-items","August 2019","2002=100","136.8","<a href=""https://www150.statcan.gc.ca/t1/tbl1/en/tv.action?pid=1810000401"">18-10-0004-01</a>"
"V41690973","Consumer Price Index, monthly, not seasonally adjusted","Monthly","Canada;All-items","September 2019","2002=100","136.2","<a href=""https://www150.statcan.gc.ca/t1/tbl1/en/tv.action?pid=1810000401"">18-10-0004-01</a>"
"V41690973","Consumer Price Index, monthly, not seasonally adjusted","Monthly","Canada;All-items","October 2019","2002=100","136.6","<a href=""https://www150.statcan.gc.ca/t1/tbl1/en/tv.action?pid=1810000401"">18-10-0004-01</a>"
"V41690973","Consumer Price Index, monthly, not seasonally adjusted","Monthly","Canada;All-items","November 2019","2002=100","136.4","<a href=""https://www150.statcan.gc.ca/t1/tbl1/en/tv.action?pid=1810000401"">18-10-0004-01</a>"
"V41690973","Consumer Price Index, monthly, not seasonally adjusted","Monthly","Canada;All-items","December 2019","2002=100","136.4","<a href=""https://www150.statcan.gc.ca/t1/tbl1/en/tv.action?pid=1810000401"">18-10-0004-01</a>"
"V41690973","Consumer Price Index, monthly, not seasonally adjusted","Monthly","Canada;All-items","January 2020","2002=100","136.8","<a href=""https://www150.statcan.gc.ca/t1/tbl1/en/tv.action?pid=1810000401"">18-10-0004-01</a>"
"V41690973","Consumer Price Index, monthly, not seasonally adjusted","Monthly","Canada;All-items","February 2020","2002=100","137.4","<a href=""https://www150.statcan.gc.ca/t1/tbl1/en/tv.action?pid=1810000401"">18-10-0004-01</a>"
"V41690973","Consumer Price Index, monthly, not seasonally adjusted","Monthly","Canada;All-items","March 2020","2002=100","136.6","<a href=""https://www150.statcan.gc.ca/t1/tbl1/en/tv.action?pid=1810000401"">18-10-0004-01</a>"
"V41690973","Consumer Price Index, monthly, not seasonally adjusted","Monthly","Canada;All-items","April 2020","2002=100","135.7","<a href=""https://www150.statcan.gc.ca/t1/tbl1/en/tv.action?pid=1810000401"">18-10-0004-01</a>"
"V41690973","Consumer Price Index, monthly, not seasonally adjusted","Monthly","Canada;All-items","May 2020","2002=100","136.1","<a href=""https://www150.statcan.gc.ca/t1/tbl1/en/tv.action?pid=1810000401"">18-10-0004-01</a>"
"V41690973","Consumer Price Index, monthly, not seasonally adjusted","Monthly","Canada;All-items","June 2020","2002=100","137.2","<a href=""https://www150.statcan.gc.ca/t1/tbl1/en/tv.action?pid=1810000401"">18-10-0004-01</a>"
"V41690973","Consumer Price Index, monthly, not seasonally adjusted","Monthly","Canada;All-items","July 2020","2002=100","137.2","<a href=""https://www150.statcan.gc.ca/t1/tbl1/en/tv.action?pid=1810000401"">18-10-0004-01</a>"
"V41690973","Consumer Price Index, monthly, not seasonally adjusted","Monthly","Canada;All-items","August 2020","2002=100","137.0","<a href=""https://www150.statcan.gc.ca/t1/tbl1/en/tv.action?pid=1810000401"">18-10-0004-01</a>"
"V41690973","Consumer Price Index, monthly, not seasonally adjusted","Monthly","Canada;All-items","September 2020","2002=100","136.9","<a href=""https://www150.statcan.gc.ca/t1/tbl1/en/tv.action?pid=1810000401"">18-10-0004-01</a>"
"V41690973","Consumer Price Index, monthly, not seasonally adjusted","Monthly","Canada;All-items","October 2020","2002=100","137.5","<a href=""https://www150.statcan.gc.ca/t1/tbl1/en/tv.action?pid=1810000401"">18-10-0004-01</a>"
"V41690973","Consumer Price Index, monthly, not seasonally adjusted","Monthly","Canada;All-items","November 2020","2002=100","137.7","<a href=""https://www150.statcan.gc.ca/t1/tbl1/en/tv.action?pid=1810000401"">18-10-0004-01</a>"
"V41690973","Consumer Price Index, monthly, not seasonally adjusted","Monthly","Canada;All-items","December 2020","2002=100","137.4","<a href=""https://www150.statcan.gc.ca/t1/tbl1/en/tv.action?pid=1810000401"">18-10-0004-01</a>"
"V41690973","Consumer Price Index, monthly, not seasonally adjusted","Monthly","Canada;All-items","January 2021","2002=100","138.2","<a href=""https://www150.statcan.gc.ca/t1/tbl1/en/tv.action?pid=1810000401"">18-10-0004-01</a>"
"V41690973","Consumer Price Index, monthly, not seasonally adjusted","Monthly","Canada;All-items","February 2021","2002=100","138.9","<a href=""https://www150.statcan.gc.ca/t1/tbl1/en/tv.action?pid=1810000401"">18-10-0004-01</a>"
"V41690973","Consumer Price Index, monthly, not seasonally adjusted","Monthly","Canada;All-items","March 2021","2002=100","139.6","<a href=""https://www150.statcan.gc.ca/t1/tbl1/en/tv.action?pid=1810000401"">18-10-0004-01</a>"
"V41690973","Consumer Price Index, monthly, not seasonally adjusted","Monthly","Canada;All-items","April 2021","2002=100","140.3","<a href=""https://www150.statcan.gc.ca/t1/tbl1/en/tv.action?pid=1810000401"">18-10-0004-01</a>"
"V41690973","Consumer Price Index, monthly, not seasonally adjusted","Monthly","Canada;All-items","May 2021","2002=100","141.0","<a href=""https://www150.statcan.gc.ca/t1/tbl1/en/tv.action?pid=1810000401"">18-10-0004-01</a>"
"V41690973","Consumer Price Index, monthly, not seasonally adjusted","Monthly","Canada;All-items","June 2021","2002=100","141.4","<a href=""https://www150.statcan.gc.ca/t1/tbl1/en/tv.action?pid=1810000401"">18-10-0004-01</a>"
"V41690973","Consumer Price Index, monthly, not seasonally adjusted","Monthly","Canada;All-items","July 2021","2002=100","142.3","<a href=""https://www150.statcan.gc.ca/t1/tbl1/en/tv.action?pid=1810000401"">18-10-0004-01</a>"
"V41690973","Consumer Price Index, monthly, not seasonally adjusted","Monthly","Canada;All-items","August 2021","2002=100","142.6","<a href=""https://www150.statcan.gc.ca/t1/tbl1/en/tv.action?pid=1810000401"">18-10-0004-01</a>"
"V41690973","Consumer Price Index, monthly, not seasonally adjusted","Monthly","Canada;All-items","September 2021","2002=100","142.9","<a href=""https://www150.statcan.gc.ca/t1/tbl1/en/tv.action?pid=1810000401"">18-10-0004-01</a>"
"V41690973","Consumer Price Index, monthly, not seasonally adjusted","Monthly","Canada;All-items","October 2021","2002=100","143.9","<a href=""https://www150.statcan.gc.ca/t1/tbl1/en/tv.action?pid=1810000401"">18-10-0004-01</a>"
"V41690973","Consumer Price Index, monthly, not seasonally adjusted","Monthly","Canada;All-items","November 2021","2002=100","144.2","<a href=""https://www150.statcan.gc.ca/t1/tbl1/en/tv.action?pid=1810000401"">18-10-0004-01</a>"
"V41690973","Consumer Price Index, monthly, not seasonally adjusted","Monthly","Canada;All-items","December 2021","2002=100","144.0","<a href=""https://www150.statcan.gc.ca/t1/tbl1/en/tv.action?pid=1810000401"">18-10-0004-01</a>"
"V41690973","Consumer Price Index, monthly, not seasonally adjusted","Monthly","Canada;All-items","January 2022","2002=100","145.3","<a href=""https://www150.statcan.gc.ca/t1/tbl1/en/tv.action?pid=1810000401"">18-10-0004-01</a>"
"V41690973","Consumer Price Index, monthly, not seasonally adjusted","Monthly","Canada;All-items","February 2022","2002=100","146.8","<a href=""https://www150.statcan.gc.ca/t1/tbl1/en/tv.action?pid=1810000401"">18-10-0004-01</a>"
"V41690973","Consumer Price Index, monthly, not seasonally adjusted","Monthly","Canada;All-items","March 2022","2002=100","148.9","<a href=""https://www150.statcan.gc.ca/t1/tbl1/en/tv.action?pid=1810000401"">18-10-0004-01</a>"
"V41690973","Consumer Price Index, monthly, not seasonally adjusted","Monthly","Canada;All-items","April 2022","2002=100","149.8","<a href=""https://www150.statcan.gc.ca/t1/tbl1/en/tv.action?pid=1810000401"">18-10-0004-01</a>"
"V41690973","Consumer Price Index, monthly, not seasonally adjusted","Monthly","Canada;All-items","May 2022","2002=100","151.9","<a href=""https://www150.statcan.gc.ca/t1/tbl1/en/tv.action?pid=1810000401"">18-10-0004-01</a>"
"V41690973","Consumer Price Index, monthly, not seasonally adjusted","Monthly","Canada;All-items","June 2022","2002=100","152.9","<a href=""https://www150.statcan.gc.ca/t1/tbl1/en/tv.action?pid=1810000401"">18-10-0004-01</a>"
"V41690973","Consumer Price Index, monthly, not seasonally adjusted","Monthly","Canada;All-items","July 2022","2002=100","153.1","<a href=""https://www150.statcan.gc.ca/t1/tbl1/en/tv.action?pid=1810000401"">18-10-0004-01</a>"
"V41690973","Consumer Price Index, monthly, not seasonally adjusted","Monthly","Canada;All-items","August 2022","2002=100","152.6","<a href=""https://www150.statcan.gc.ca/t1/tbl1/en/tv.action?pid=1810000401"">18-10-0004-01</a>"
"V41690973","Consumer Price Index, monthly, not seasonally adjusted","Monthly","Canada;All-items","September 2022","2002=100","152.7","<a href=""https://www150.statcan.gc.ca/t1/tbl1/en/tv.action?pid=1810000401"">18-10-0004-01</a>"
"V41690973","Consumer Price Index, monthly, not seasonally adjusted","Monthly","Canada;All-items","October 2022","2002=100","153.8","<a href=""https://www150.statcan.gc.ca/t1/tbl1/en/tv.action?pid=1810000401"">18-10-0004-01</a>"
"V41690973","Consumer Price Index, monthly, not seasonally adjusted","Monthly","Canada;All-items","November 2022","2002=100","154.0","<a href=""https://www150.statcan.gc.ca/t1/tbl1/en/tv.action?pid=1810000401"">18-10-0004-01</a>"
"V41690973","Consumer Price Index, monthly, not seasonally adjusted","Monthly","Canada;All-items","December 2022","2002=100","153.1","<a href=""https://www150.statcan.gc.ca/t1/tbl1/en/tv.action?pid=1810000401"">18-10-0004-01</a>"
"V41690973","Consumer Price Index, monthly, not seasonally adjusted","Monthly","Canada;All-items","January 2023","2002=100","153.9","<a href=""https://www150.statcan.gc.ca/t1/tbl1/en/tv.action?pid=1810000401"">18-10-0004-01</a>"
"V41690973","Consumer Price Index, monthly, not seasonally adjusted","Monthly","Canada;All-items","February 2023","2002=100","154.5","<a href=""https://www150.statcan.gc.ca/t1/tbl1/en/tv.action?pid=1810000401"">18-10-0004-01</a>"
"V41690973","Consumer Price Index, monthly, not seasonally adjusted","Monthly","Canada;All-items","March 2023","2002=100","155.3","<a href=""https://www150.statcan.gc.ca/t1/tbl1/en/tv.action?pid=1810000401"">18-10-0004-01</a>"
"V41690973","Consumer Price Index, monthly, not seasonally adjusted","Monthly","Canada;All-items","April 2023","2002=100","156.4","<a href=""https://www150.statcan.gc.ca/t1/tbl1/en/tv.action?pid=1810000401"">18-10-0004-01</a>"
"V41690973","Consumer Price Index, monthly, not seasonally adjusted","Monthly","Canada;All-items","May 2023","2002=100","157.0","<a href=""https://www150.statcan.gc.ca/t1/tbl1/en/tv.action?pid=1810000401"">18-10-0004-01</a>"
"V41690973","Consumer Price Index, monthly, not seasonally adjusted","Monthly","Canada;All-items","June 2023","2002=100","157.2","<a href=""https://www150.statcan.gc.ca/t1/tbl1/en/tv.action?pid=1810000401"">18-10-0004-01</a>"
"V41690973","Consumer Price Index, monthly, not seasonally adjusted","Monthly","Canada;All-items","July 2023","2002=100","158.1","<a href=""https://www150.statcan.gc.ca/t1/tbl1/en/tv.action?pid=1810000401"">18-10-0004-01</a>"
"V41690973","Consumer Price Index, monthly, not seasonally adjusted","Monthly","Canada;All-items","August 2023","2002=100","158.7","<a href=""https://www150.statcan.gc.ca/t1/tbl1/en/tv.action?pid=1810000401"">18-10-0004-01</a>"
"V41690973","Consumer Price Index, monthly, not seasonally adjusted","Monthly","Canada;All-items","September 2023","2002=100","158.5","<a href=""https://www150.statcan.gc.ca/t1/tbl1/en/tv.action?pid=1810000401"">18-10-0004-01</a>"
"V41690973","Consumer Price Index, monthly, not seasonally adjusted","Monthly","Canada;All-items","October 2023","2002=100","158.6","<a href=""https://www150.statcan.gc.ca/t1/tbl1/en/tv.action?pid=1810000401"">18-10-0004-01</a>"
"V41690973","Consumer Price Index, monthly, not seasonally adjusted","Monthly","Canada;All-items","November 2023","2002=100","158.8","<a href=""https://www150.statcan.gc.ca/t1/tbl1/en/tv.action?pid=1810000401"">18-10-0004-01</a>"
"V41690973","Consumer Price Index, monthly, not seasonally adjusted","Monthly","Canada;All-items","December 2023","2002=100","158.3","<a href=""https://www150.statcan.gc.ca/t1/tbl1/en/tv.action?pid=1810000401"">18-10-0004-01</a>"
"V41690973","Consumer Price Index, monthly, not seasonally adjusted","Monthly","Canada;All-items","January 2024","2002=100","158.3","<a href=""https://www150.statcan.gc.ca/t1/tbl1/en/tv.action?pid=1810000401"">18-10-0004-01</a>"
"V41690973","Consumer Price Index, monthly, not seasonally adjusted","Monthly","Canada;All-items","February 2024","2002=100","158.8","<a href=""https://www150.statcan.gc.ca/t1/tbl1/en/tv.action?pid=1810000401"">18-10-0004-01</a>"
"V41690973","Consumer Price Index, monthly, not seasonally adjusted","Monthly","Canada;All-items","March 2024","2002=100","159.8","<a href=""https://www150.statcan.gc.ca/t1/tbl1/en/tv.action?pid=1810000401"">18-10-0004-01</a>"
"V41690973","Consumer Price Index, monthly, not seasonally adjusted","Monthly","Canada;All-items","April 2024","2002=100","160.6","<a href=""https://www150.statcan.gc.ca/t1/tbl1/en/tv.action?pid=1810000401"">18-10-0004-01</a>"
"V41690973","Consumer Price Index, monthly, not seasonally adjusted","Monthly","Canada;All-items","May 2024","2002=100","161.5","<a href=""https://www150.statcan.gc.ca/t1/tbl1/en/tv.action?pid=1810000401"">18-10-0004-01</a>"
"V41690973","Consumer Price Index, monthly, not seasonally adjusted","Monthly","Canada;All-items","June 2024","2002=100","161.4","<a href=""https://www150.statcan.gc.ca/t1/tbl1/en/tv.action?pid=1810000401"">18-10-0004-01</a>"
"V41690973","Consumer Price Index, monthly, not seasonally adjusted","Monthly","Canada;All-items","July 2024","2002=100","162.1","<a href=""https://www150.statcan.gc.ca/t1/tbl1/en/tv.action?pid=1810000401"">18-10-0004-01</a>"
"V41690973","Consumer Price Index, monthly, not seasonally adjusted","Monthly","Canada;All-items","August 2024","2002=100","161.8","<a href=""https://www150.statcan.gc.ca/t1/tbl1/en/tv.action?pid=1810000401"">18-10-0004-01</a>"
"V41690973","Consumer Price Index, monthly, not seasonally adjusted","Monthly","Canada;All-items","September 2024","2002=100","161.1","<a href=""https://www150.statcan.gc.ca/t1/tbl1/en/tv.action?pid=1810000401"">18-10-0004-01</a>"
"V41690973","Consumer Price Index, monthly, not seasonally adjusted","Monthly","Canada;All-items","October 2024","2002=100","161.8","<a href=""https://www150.statcan.gc.ca/t1/tbl1/en/tv.action?pid=1810000401"">18-10-0004-01</a>"
"V41690973","Consumer Price Index, monthly, not seasonally adjusted","Monthly","Canada;All-items","November 2024","2002=100","161.8","<a href=""https://www150.statcan.gc.ca/t1/tbl1/en/tv.action?pid=1810000401"">18-10-0004-01</a>"
"V41690973","Consumer Price Index, monthly, not seasonally adjusted","Monthly","Canada;All-items","December 2024","2002=100","161.2","<a href=""https://www150.statcan.gc.ca/t1/tbl1/en/tv.action?pid=1810000401"">18-10-0004-01</a>"
"V41690973","Consumer Price Index, monthly, not seasonally adjusted","Monthly","Canada;All-items","January 2025","2002=100","161.3","<a href=""https://www150.statcan.gc.ca/t1/tbl1/en/tv.action?pid=1810000401"">18-10-0004-01</a>"
"V41690973","Consumer Price Index, monthly, not seasonally adjusted","Monthly","Canada;All-items","February 2025","2002=100","163.0","<a href=""https://www150.statcan.gc.ca/t1/tbl1/en/tv.action?pid=1810000401"">18-10-0004-01</a>"
"V41690973","Consumer Price Index, monthly, not seasonally adjusted","Monthly","Canada;All-items","March 2025","2002=100","163.5","<a href=""https://www150.statcan.gc.ca/t1/tbl1/en/tv.action?pid=1810000401"">18-10-0004-01</a>"
